sample_begin
utc=2026-09-03T22:06:09Z
vm.swapusage: total = 5120.00M  used = 4111.50M  free = 1008.50M  (encrypted)
Pages throttled:                                   0.
Swapins:                                      447507.
Swapouts:                                     915659.
sample_end
sample_begin
utc=2026-09-03T22:06:19Z
vm.swapusage: total = 5120.00M  used = 4111.50M  free = 1008.50M  (encrypted)
Pages throttled:                                   0.
Swapins:                                      447507.
Swapouts:                                     915659.
sample_end
sample_begin
utc=2026-09-03T22:06:29Z
vm.swapusage: total = 5120.00M  used = 4111.50M  free = 1008.50M  (encrypted)
Pages throttled:                                   0.
Swapins:                                      447655.
Swapouts:                                     915659.
sample_end
sample_begin
utc=2026-09-03T22:06:39Z
vm.swapusage: total = 5120.00M  used = 4111.50M  free = 1008.50M  (encrypted)
Pages throttled:                                   0.
Swapins:                                      447659.
Swapouts:                                     915659.
sample_end
sample_begin
utc=2026-09-03T22:06:49Z
vm.swapusage: total = 5120.00M  used = 4111.50M  free = 1008.50M  (encrypted)
Pages throttled:                                   0.
Swapins:                                      447659.
Swapouts:                                     915659.
sample_end
sample_begin
utc=2026-09-03T22:06:59Z
vm.swapusage: total = 5120.00M  used = 4111.50M  free = 1008.50M  (encrypted)
Pages throttled:                                   0.
Swapins:                                      447659.
Swapouts:                                     915659.
sample_end
sample_begin
utc=2026-09-03T22:07:09Z
vm.swapusage: total = 5120.00M  used = 4111.50M  free = 1008.50M  (encrypted)
Pages throttled:                                   0.
Swapins:                                      447663.
Swapouts:                                     915659.
sample_end
sample_begin
utc=2026-09-03T22:07:19Z
vm.swapusage: total = 5120.00M  used = 4111.50M  free = 1008.50M  (encrypted)
Pages throttled:                                   0.
Swapins:                                      447675.
Swapouts:                                     915659.
sample_end
sample_begin
utc=2026-09-03T22:07:30Z
vm.swapusage: total = 5120.00M  used = 4111.50M  free = 1008.50M  (encrypted)
Pages throttled:                                   0.
Swapins:                                      447675.
Swapouts:                                     915659.
sample_end
sample_begin
utc=2026-09-03T22:07:40Z
vm.swapusage: total = 5120.00M  used = 4111.50M  free = 1008.50M  (encrypted)
Pages throttled:                                   0.
Swapins:                                      447771.
Swapouts:                                     915659.
sample_end
sample_begin
utc=2026-09-03T22:07:50Z
vm.swapusage: total = 5120.00M  used = 4111.50M  free = 1008.50M  (encrypted)
Pages throttled:                                   0.
Swapins:                                      447907.
Swapouts:                                     915659.
sample_end
sample_begin
utc=2026-09-03T22:08:00Z
vm.swapusage: total = 5120.00M  used = 4111.50M  free = 1008.50M  (encrypted)
Pages throttled:                                   0.
Swapins:                                      447907.
Swapouts:                                     915659.
sample_end
sample_begin
utc=2026-09-03T22:08:10Z
vm.swapusage: total = 5120.00M  used = 4111.50M  free = 1008.50M  (encrypted)
Pages throttled:                                   0.
Swapins:                                      447907.
Swapouts:                                     915659.
sample_end
sample_begin
utc=2026-09-03T22:08:20Z
vm.swapusage: total = 5120.00M  used = 4111.50M  free = 1008.50M  (encrypted)
Pages throttled:                                   0.
Swapins:                                      447907.
Swapouts:                                     915659.
sample_end
sample_begin
utc=2026-09-03T22:08:30Z
vm.swapusage: total = 5120.00M  used = 4111.50M  free = 1008.50M  (encrypted)
Pages throttled:                                   0.
Swapins:                                      447911.
Swapouts:                                     915659.
sample_end
sample_begin
utc=2026-09-03T22:08:40Z
vm.swapusage: total = 5120.00M  used = 4111.50M  free = 1008.50M  (encrypted)
Pages throttled:                                   0.
Swapins:                                      447915.
Swapouts:                                     915659.
sample_end
sample_begin
utc=2026-09-03T22:08:50Z
vm.swapusage: total = 5120.00M  used = 4111.50M  free = 1008.50M  (encrypted)
Pages throttled:                                   0.
Swapins:                                      447923.
Swapouts:                                     915659.
sample_end
sample_begin
utc=2026-09-03T22:09:00Z
vm.swapusage: total = 5120.00M  used = 4111.50M  free = 1008.50M  (encrypted)
Pages throttled:                                   0.
Swapins:                                      447923.
Swapouts:                                     915659.
sample_end
sample_begin
utc=2026-09-03T22:09:10Z
vm.swapusage: total = 5120.00M  used = 4111.50M  free = 1008.50M  (encrypted)
Pages throttled:                                   0.
Swapins:                                      447923.
Swapouts:                                     915659.
sample_end
sample_begin
utc=2026-09-03T22:09:20Z
vm.swapusage: total = 5120.00M  used = 4111.50M  free = 1008.50M  (encrypted)
Pages throttled:                                   0.
Swapins:                                      447927.
Swapouts:                                     915659.
sample_end
sample_begin
utc=2026-09-03T22:09:30Z
vm.swapusage: total = 5120.00M  used = 4111.50M  free = 1008.50M  (encrypted)
Pages throttled:                                   0.
Swapins:                                      447931.
Swapouts:                                     915659.
sample_end
sample_begin
utc=2026-09-03T22:09:40Z
vm.swapusage: total = 5120.00M  used = 4111.50M  free = 1008.50M  (encrypted)
Pages throttled:                                   0.
Swapins:                                      448095.
Swapouts:                                     915659.
sample_end
sample_begin
utc=2026-09-03T22:09:50Z
vm.swapusage: total = 5120.00M  used = 4111.50M  free = 1008.50M  (encrypted)
Pages throttled:                                   0.
Swapins:                                      448111.
Swapouts:                                     915659.
sample_end
sample_begin
utc=2026-09-03T22:10:01Z
vm.swapusage: total = 5120.00M  used = 4111.50M  free = 1008.50M  (encrypted)
Pages throttled:                                   0.
Swapins:                                      448119.
Swapouts:                                     915659.
sample_end
sample_begin
utc=2026-09-03T22:10:11Z
vm.swapusage: total = 5120.00M  used = 4111.50M  free = 1008.50M  (encrypted)
Pages throttled:                                   0.
Swapins:                                      448171.
Swapouts:                                     915659.
sample_end
sample_begin
utc=2026-09-03T22:10:21Z
vm.swapusage: total = 5120.00M  used = 4111.50M  free = 1008.50M  (encrypted)
Pages throttled:                                   0.
Swapins:                                      448171.
Swapouts:                                     915659.
sample_end
sample_begin
utc=2026-09-03T22:10:31Z
vm.swapusage: total = 5120.00M  used = 4111.50M  free = 1008.50M  (encrypted)
Pages throttled:                                   0.
Swapins:                                      448171.
Swapouts:                                     915659.
sample_end
sample_begin
utc=2026-09-03T22:10:41Z
vm.swapusage: total = 5120.00M  used = 4103.50M  free = 1016.50M  (encrypted)
Pages throttled:                                   0.
Swapins:                                      448175.
Swapouts:                                     915659.
sample_end
sample_begin
utc=2026-09-03T22:10:51Z
vm.swapusage: total = 5120.00M  used = 4103.50M  free = 1016.50M  (encrypted)
Pages throttled:                                   0.
Swapins:                                      448183.
Swapouts:                                     915659.
sample_end
sample_begin
utc=2026-09-03T22:11:01Z
vm.swapusage: total = 5120.00M  used = 4103.50M  free = 1016.50M  (encrypted)
Pages throttled:                                   0.
Swapins:                                      448202.
Swapouts:                                     915659.
sample_end
sample_begin
utc=2026-09-03T22:11:11Z
vm.swapusage: total = 5120.00M  used = 4103.50M  free = 1016.50M  (encrypted)
Pages throttled:                                   0.
Swapins:                                      448202.
Swapouts:                                     915659.
sample_end
sample_begin
utc=2026-09-03T22:11:21Z
vm.swapusage: total = 5120.00M  used = 4103.50M  free = 1016.50M  (encrypted)
Pages throttled:                                   0.
Swapins:                                      448202.
Swapouts:                                     915659.
sample_end
sample_begin
utc=2026-09-03T22:11:31Z
vm.swapusage: total = 5120.00M  used = 4103.50M  free = 1016.50M  (encrypted)
Pages throttled:                                   0.
Swapins:                                      448202.
Swapouts:                                     915659.
sample_end
sample_begin
utc=2026-09-03T22:11:41Z
vm.swapusage: total = 5120.00M  used = 4103.50M  free = 1016.50M  (encrypted)
Pages throttled:                                   0.
Swapins:                                      448202.
Swapouts:                                     915659.
sample_end
sample_begin
utc=2026-09-03T22:11:51Z
vm.swapusage: total = 5120.00M  used = 4103.50M  free = 1016.50M  (encrypted)
Pages throttled:                                   0.
Swapins:                                      448202.
Swapouts:                                     915659.
sample_end
sample_begin
utc=2026-09-03T22:12:01Z
vm.swapusage: total = 5120.00M  used = 4103.50M  free = 1016.50M  (encrypted)
Pages throttled:                                   0.
Swapins:                                      448202.
Swapouts:                                     915659.
sample_end
sample_begin
utc=2026-09-03T22:12:11Z
vm.swapusage: total = 5120.00M  used = 4103.50M  free = 1016.50M  (encrypted)
Pages throttled:                                   0.
Swapins:                                      448202.
Swapouts:                                     915659.
sample_end
sample_begin
utc=2026-09-03T22:12:22Z
vm.swapusage: total = 5120.00M  used = 4103.50M  free = 1016.50M  (encrypted)
Pages throttled:                                   0.
Swapins:                                      448206.
Swapouts:                                     915659.
sample_end
sample_begin
utc=2026-09-03T22:12:32Z
vm.swapusage: total = 5120.00M  used = 4103.50M  free = 1016.50M  (encrypted)
Pages throttled:                                   0.
Swapins:                                      448222.
Swapouts:                                     915659.
sample_end
sample_begin
utc=2026-09-03T22:12:42Z
vm.swapusage: total = 5120.00M  used = 4103.50M  free = 1016.50M  (encrypted)
Pages throttled:                                   0.
Swapins:                                      448222.
Swapouts:                                     915659.
sample_end
sample_begin
utc=2026-09-03T22:12:52Z
vm.swapusage: total = 5120.00M  used = 4103.50M  free = 1016.50M  (encrypted)
Pages throttled:                                   0.
Swapins:                                      448222.
Swapouts:                                     915659.
sample_end
sample_begin
utc=2026-09-03T22:13:02Z
vm.swapusage: total = 5120.00M  used = 4103.50M  free = 1016.50M  (encrypted)
Pages throttled:                                   0.
Swapins:                                      448234.
Swapouts:                                     915659.
sample_end
sample_begin
utc=2026-09-03T22:13:12Z
vm.swapusage: total = 5120.00M  used = 4103.50M  free = 1016.50M  (encrypted)
Pages throttled:                                   0.
Swapins:                                      448234.
Swapouts:                                     915659.
sample_end
sample_begin
utc=2026-09-03T22:13:22Z
vm.swapusage: total = 5120.00M  used = 4103.50M  free = 1016.50M  (encrypted)
Pages throttled:                                   0.
Swapins:                                      448234.
Swapouts:                                     915659.
sample_end
sample_begin
utc=2026-09-03T22:13:32Z
vm.swapusage: total = 5120.00M  used = 4103.50M  free = 1016.50M  (encrypted)
Pages throttled:                                   0.
Swapins:                                      448234.
Swapouts:                                     915659.
sample_end
sample_begin
utc=2026-09-03T22:13:42Z
vm.swapusage: total = 5120.00M  used = 4103.50M  free = 1016.50M  (encrypted)
Pages throttled:                                   0.
Swapins:                                      448262.
Swapouts:                                     915659.
sample_end
sample_begin
utc=2026-09-03T22:13:52Z
vm.swapusage: total = 5120.00M  used = 4103.50M  free = 1016.50M  (encrypted)
Pages throttled:                                   0.
Swapins:                                      448270.
Swapouts:                                     915659.
sample_end
sample_begin
utc=2026-09-03T22:14:02Z
vm.swapusage: total = 5120.00M  used = 4103.50M  free = 1016.50M  (encrypted)
Pages throttled:                                   0.
Swapins:                                      448270.
Swapouts:                                     915659.
sample_end
sample_begin
utc=2026-09-03T22:14:12Z
vm.swapusage: total = 5120.00M  used = 4103.50M  free = 1016.50M  (encrypted)
Pages throttled:                                   0.
Swapins:                                      448270.
Swapouts:                                     915659.
sample_end
sample_begin
utc=2026-09-03T22:14:23Z
vm.swapusage: total = 5120.00M  used = 4103.50M  free = 1016.50M  (encrypted)
Pages throttled:                                   0.
Swapins:                                      448270.
Swapouts:                                     915659.
sample_end
sample_begin
utc=2026-09-03T22:14:33Z
vm.swapusage: total = 5120.00M  used = 4103.50M  free = 1016.50M  (encrypted)
Pages throttled:                                   0.
Swapins:                                      448270.
Swapouts:                                     915659.
sample_end
sample_begin
utc=2026-09-03T22:14:43Z
vm.swapusage: total = 5120.00M  used = 4103.50M  free = 1016.50M  (encrypted)
Pages throttled:                                   0.
Swapins:                                      448350.
Swapouts:                                     915659.
sample_end
sample_begin
utc=2026-09-03T22:14:53Z
vm.swapusage: total = 5120.00M  used = 4103.50M  free = 1016.50M  (encrypted)
Pages throttled:                                   0.
Swapins:                                      448529.
Swapouts:                                     915659.
sample_end
sample_begin
utc=2026-09-03T22:15:03Z
vm.swapusage: total = 5120.00M  used = 4103.50M  free = 1016.50M  (encrypted)
Pages throttled:                                   0.
Swapins:                                      448617.
Swapouts:                                     915659.
sample_end
sample_begin
utc=2026-09-03T22:15:13Z
vm.swapusage: total = 5120.00M  used = 4103.50M  free = 1016.50M  (encrypted)
Pages throttled:                                   0.
Swapins:                                      448617.
Swapouts:                                     915659.
sample_end
sample_begin
utc=2026-09-03T22:15:23Z
vm.swapusage: total = 5120.00M  used = 4103.50M  free = 1016.50M  (encrypted)
Pages throttled:                                   0.
Swapins:                                      448625.
Swapouts:                                     915659.
sample_end
sample_begin
utc=2026-09-03T22:15:33Z
vm.swapusage: total = 5120.00M  used = 4103.50M  free = 1016.50M  (encrypted)
Pages throttled:                                   0.
Swapins:                                      448637.
Swapouts:                                     915659.
sample_end
sample_begin
utc=2026-09-03T22:15:43Z
vm.swapusage: total = 5120.00M  used = 4103.50M  free = 1016.50M  (encrypted)
Pages throttled:                                   0.
Swapins:                                      448657.
Swapouts:                                     915659.
sample_end
sample_begin
utc=2026-09-03T22:15:53Z
vm.swapusage: total = 5120.00M  used = 4103.50M  free = 1016.50M  (encrypted)
Pages throttled:                                   0.
Swapins:                                      448673.
Swapouts:                                     915659.
sample_end
sample_begin
utc=2026-09-03T22:16:03Z
vm.swapusage: total = 5120.00M  used = 4103.50M  free = 1016.50M  (encrypted)
Pages throttled:                                   0.
Swapins:                                      448785.
Swapouts:                                     915659.
sample_end
sample_begin
utc=2026-09-03T22:16:13Z
vm.swapusage: total = 5120.00M  used = 4103.50M  free = 1016.50M  (encrypted)
Pages throttled:                                   0.
Swapins:                                      448833.
Swapouts:                                     915659.
sample_end
sample_begin
utc=2026-09-03T22:16:23Z
vm.swapusage: total = 5120.00M  used = 4103.50M  free = 1016.50M  (encrypted)
Pages throttled:                                   0.
Swapins:                                      448849.
Swapouts:                                     915659.
sample_end
sample_begin
utc=2026-09-03T22:16:33Z
vm.swapusage: total = 5120.00M  used = 4095.50M  free = 1024.50M  (encrypted)
Pages throttled:                                   0.
Swapins:                                      448977.
Swapouts:                                     915659.
sample_end
sample_begin
utc=2026-09-03T22:16:43Z
vm.swapusage: total = 5120.00M  used = 4095.50M  free = 1024.50M  (encrypted)
Pages throttled:                                   0.
Swapins:                                      449012.
Swapouts:                                     915659.
sample_end
sample_begin
utc=2026-09-03T22:16:53Z
vm.swapusage: total = 5120.00M  used = 4095.50M  free = 1024.50M  (encrypted)
Pages throttled:                                   0.
Swapins:                                      449040.
Swapouts:                                     915659.
sample_end
sample_begin
utc=2026-09-03T22:17:03Z
vm.swapusage: total = 5120.00M  used = 3903.50M  free = 1216.50M  (encrypted)
Pages throttled:                                   0.
Swapins:                                      461429.
Swapouts:                                     915659.
sample_end
sample_begin
utc=2026-09-03T22:17:13Z
vm.swapusage: total = 5120.00M  used = 3903.50M  free = 1216.50M  (encrypted)
Pages throttled:                                   0.
Swapins:                                      461521.
Swapouts:                                     915659.
sample_end
sample_begin
utc=2026-09-03T22:17:24Z
vm.swapusage: total = 5120.00M  used = 3903.50M  free = 1216.50M  (encrypted)
Pages throttled:                                   0.
Swapins:                                      461533.
Swapouts:                                     915659.
sample_end
sample_begin
utc=2026-09-03T22:17:34Z
vm.swapusage: total = 5120.00M  used = 3895.50M  free = 1224.50M  (encrypted)
Pages throttled:                                   0.
Swapins:                                      461633.
Swapouts:                                     915659.
sample_end
sample_begin
utc=2026-09-03T22:17:44Z
vm.swapusage: total = 5120.00M  used = 3895.50M  free = 1224.50M  (encrypted)
Pages throttled:                                   0.
Swapins:                                      461641.
Swapouts:                                     915659.
sample_end
sample_begin
utc=2026-09-03T22:17:54Z
vm.swapusage: total = 5120.00M  used = 3895.50M  free = 1224.50M  (encrypted)
Pages throttled:                                   0.
Swapins:                                      461641.
Swapouts:                                     915659.
sample_end
sample_begin
utc=2026-09-03T22:18:04Z
vm.swapusage: total = 5120.00M  used = 3887.50M  free = 1232.50M  (encrypted)
Pages throttled:                                   0.
Swapins:                                      461649.
Swapouts:                                     915659.
sample_end
sample_begin
utc=2026-09-03T22:18:14Z
vm.swapusage: total = 5120.00M  used = 3887.50M  free = 1232.50M  (encrypted)
Pages throttled:                                   0.
Swapins:                                      461713.
Swapouts:                                     915659.
sample_end
sample_begin
utc=2026-09-03T22:18:24Z
vm.swapusage: total = 5120.00M  used = 3887.50M  free = 1232.50M  (encrypted)
Pages throttled:                                   0.
Swapins:                                      461713.
Swapouts:                                     915659.
sample_end
sample_begin
utc=2026-09-03T22:18:34Z
vm.swapusage: total = 5120.00M  used = 3887.50M  free = 1232.50M  (encrypted)
Pages throttled:                                   0.
Swapins:                                      461725.
Swapouts:                                     915659.
sample_end
sample_begin
utc=2026-09-03T22:18:44Z
vm.swapusage: total = 5120.00M  used = 3887.50M  free = 1232.50M  (encrypted)
Pages throttled:                                   0.
Swapins:                                      461729.
Swapouts:                                     915659.
sample_end
sample_begin
utc=2026-09-03T22:18:54Z
vm.swapusage: total = 5120.00M  used = 3847.50M  free = 1272.50M  (encrypted)
Pages throttled:                                   0.
Swapins:                                      464524.
Swapouts:                                     915659.
sample_end
sample_begin
utc=2026-09-03T22:19:04Z
vm.swapusage: total = 5120.00M  used = 3847.50M  free = 1272.50M  (encrypted)
Pages throttled:                                   0.
Swapins:                                      464536.
Swapouts:                                     915659.
sample_end
sample_begin
utc=2026-09-03T22:19:14Z
vm.swapusage: total = 5120.00M  used = 3847.50M  free = 1272.50M  (encrypted)
Pages throttled:                                   0.
Swapins:                                      464536.
Swapouts:                                     915659.
sample_end
sample_begin
utc=2026-09-03T22:19:24Z
vm.swapusage: total = 5120.00M  used = 3847.50M  free = 1272.50M  (encrypted)
Pages throttled:                                   0.
Swapins:                                      464536.
Swapouts:                                     915659.
sample_end
sample_begin
utc=2026-09-03T22:19:34Z
vm.swapusage: total = 5120.00M  used = 3807.50M  free = 1312.50M  (encrypted)
Pages throttled:                                   0.
Swapins:                                      467112.
Swapouts:                                     915659.
sample_end
sample_begin
utc=2026-09-03T22:19:44Z
vm.swapusage: total = 5120.00M  used = 3807.50M  free = 1312.50M  (encrypted)
Pages throttled:                                   0.
Swapins:                                      467112.
Swapouts:                                     915659.
sample_end
sample_begin
utc=2026-09-03T22:19:54Z
vm.swapusage: total = 5120.00M  used = 3807.50M  free = 1312.50M  (encrypted)
Pages throttled:                                   0.
Swapins:                                      467112.
Swapouts:                                     915659.
sample_end
sample_begin
utc=2026-09-03T22:20:04Z
vm.swapusage: total = 5120.00M  used = 3807.50M  free = 1312.50M  (encrypted)
Pages throttled:                                   0.
Swapins:                                      467112.
Swapouts:                                     915659.
sample_end
sample_begin
utc=2026-09-03T22:20:14Z
vm.swapusage: total = 5120.00M  used = 3807.50M  free = 1312.50M  (encrypted)
Pages throttled:                                   0.
Swapins:                                      467112.
Swapouts:                                     915659.
sample_end
sample_begin
utc=2026-09-03T22:20:24Z
vm.swapusage: total = 5120.00M  used = 3807.50M  free = 1312.50M  (encrypted)
Pages throttled:                                   0.
Swapins:                                      467112.
Swapouts:                                     915659.
sample_end
sample_begin
utc=2026-09-03T22:20:34Z
vm.swapusage: total = 5120.00M  used = 3807.50M  free = 1312.50M  (encrypted)
Pages throttled:                                   0.
Swapins:                                      467112.
Swapouts:                                     915659.
sample_end
sample_begin
utc=2026-09-03T22:20:44Z
vm.swapusage: total = 5120.00M  used = 3807.50M  free = 1312.50M  (encrypted)
Pages throttled:                                   0.
Swapins:                                      467132.
Swapouts:                                     915659.
sample_end
sample_begin
utc=2026-09-03T22:20:54Z
vm.swapusage: total = 5120.00M  used = 3807.50M  free = 1312.50M  (encrypted)
Pages throttled:                                   0.
Swapins:                                      467136.
Swapouts:                                     915659.
sample_end
sample_begin
utc=2026-09-03T22:21:05Z
vm.swapusage: total = 5120.00M  used = 3807.50M  free = 1312.50M  (encrypted)
Pages throttled:                                   0.
Swapins:                                      467140.
Swapouts:                                     915659.
sample_end
sample_begin
utc=2026-09-03T22:21:15Z
vm.swapusage: total = 5120.00M  used = 3807.50M  free = 1312.50M  (encrypted)
Pages throttled:                                   0.
Swapins:                                      467140.
Swapouts:                                     915659.
sample_end
sample_begin
utc=2026-09-03T22:21:25Z
vm.swapusage: total = 5120.00M  used = 3807.50M  free = 1312.50M  (encrypted)
Pages throttled:                                   0.
Swapins:                                      467140.
Swapouts:                                     915659.
sample_end
sample_begin
utc=2026-09-03T22:21:35Z
vm.swapusage: total = 5120.00M  used = 3807.50M  free = 1312.50M  (encrypted)
Pages throttled:                                   0.
Swapins:                                      467272.
Swapouts:                                     915659.
sample_end
sample_begin
utc=2026-09-03T22:21:45Z
vm.swapusage: total = 5120.00M  used = 3807.50M  free = 1312.50M  (encrypted)
Pages throttled:                                   0.
Swapins:                                      467272.
Swapouts:                                     915659.
sample_end
sample_begin
utc=2026-09-03T22:21:55Z
vm.swapusage: total = 5120.00M  used = 3807.50M  free = 1312.50M  (encrypted)
Pages throttled:                                   0.
Swapins:                                      467272.
Swapouts:                                     915659.
sample_end
sample_begin
utc=2026-09-03T22:22:05Z
vm.swapusage: total = 5120.00M  used = 3807.50M  free = 1312.50M  (encrypted)
Pages throttled:                                   0.
Swapins:                                      467272.
Swapouts:                                     915659.
sample_end
sample_begin
utc=2026-09-03T22:22:15Z
vm.swapusage: total = 5120.00M  used = 3807.50M  free = 1312.50M  (encrypted)
Pages throttled:                                   0.
Swapins:                                      467272.
Swapouts:                                     915659.
sample_end
sample_begin
utc=2026-09-03T22:22:25Z
vm.swapusage: total = 5120.00M  used = 3807.50M  free = 1312.50M  (encrypted)
Pages throttled:                                   0.
Swapins:                                      467272.
Swapouts:                                     915659.
sample_end
sample_begin
utc=2026-09-03T22:22:35Z
vm.swapusage: total = 5120.00M  used = 3807.50M  free = 1312.50M  (encrypted)
Pages throttled:                                   0.
Swapins:                                      467300.
Swapouts:                                     915659.
sample_end
sample_begin
utc=2026-09-03T22:22:45Z
vm.swapusage: total = 5120.00M  used = 3807.50M  free = 1312.50M  (encrypted)
Pages throttled:                                   0.
Swapins:                                      467324.
Swapouts:                                     915659.
sample_end
sample_begin
utc=2026-09-03T22:22:55Z
vm.swapusage: total = 5120.00M  used = 3807.50M  free = 1312.50M  (encrypted)
Pages throttled:                                   0.
Swapins:                                      467332.
Swapouts:                                     915659.
sample_end
sample_begin
utc=2026-09-03T22:23:05Z
vm.swapusage: total = 5120.00M  used = 3807.50M  free = 1312.50M  (encrypted)
Pages throttled:                                   0.
Swapins:                                      467336.
Swapouts:                                     915659.
sample_end
sample_begin
utc=2026-09-03T22:23:15Z
vm.swapusage: total = 5120.00M  used = 3807.50M  free = 1312.50M  (encrypted)
Pages throttled:                                   0.
Swapins:                                      467336.
Swapouts:                                     915659.
sample_end
sample_begin
utc=2026-09-03T22:23:25Z
vm.swapusage: total = 5120.00M  used = 3807.50M  free = 1312.50M  (encrypted)
Pages throttled:                                   0.
Swapins:                                      467344.
Swapouts:                                     915659.
sample_end
sample_begin
utc=2026-09-03T22:23:35Z
vm.swapusage: total = 5120.00M  used = 3807.50M  free = 1312.50M  (encrypted)
Pages throttled:                                   0.
Swapins:                                      467344.
Swapouts:                                     915659.
sample_end
sample_begin
utc=2026-09-03T22:23:45Z
vm.swapusage: total = 5120.00M  used = 3807.50M  free = 1312.50M  (encrypted)
Pages throttled:                                   0.
Swapins:                                      467344.
Swapouts:                                     915659.
sample_end
sample_begin
utc=2026-09-03T22:23:55Z
vm.swapusage: total = 5120.00M  used = 3807.50M  free = 1312.50M  (encrypted)
Pages throttled:                                   0.
Swapins:                                      467344.
Swapouts:                                     915659.
sample_end
sample_begin
utc=2026-09-03T22:24:05Z
vm.swapusage: total = 5120.00M  used = 3807.50M  free = 1312.50M  (encrypted)
Pages throttled:                                   0.
Swapins:                                      467348.
Swapouts:                                     915659.
sample_end
sample_begin
utc=2026-09-03T22:24:15Z
vm.swapusage: total = 5120.00M  used = 3807.50M  free = 1312.50M  (encrypted)
Pages throttled:                                   0.
Swapins:                                      467560.
Swapouts:                                     915659.
sample_end
sample_begin
utc=2026-09-03T22:24:25Z
vm.swapusage: total = 5120.00M  used = 3807.50M  free = 1312.50M  (encrypted)
Pages throttled:                                   0.
Swapins:                                      467668.
Swapouts:                                     915659.
sample_end
sample_begin
utc=2026-09-03T22:24:36Z
vm.swapusage: total = 5120.00M  used = 3807.50M  free = 1312.50M  (encrypted)
Pages throttled:                                   0.
Swapins:                                      467696.
Swapouts:                                     915659.
sample_end
sample_begin
utc=2026-09-03T22:24:46Z
vm.swapusage: total = 5120.00M  used = 3807.50M  free = 1312.50M  (encrypted)
Pages throttled:                                   0.
Swapins:                                      467700.
Swapouts:                                     915659.
sample_end
sample_begin
utc=2026-09-03T22:24:56Z
vm.swapusage: total = 5120.00M  used = 3807.50M  free = 1312.50M  (encrypted)
Pages throttled:                                   0.
Swapins:                                      467720.
Swapouts:                                     915659.
sample_end
sample_begin
utc=2026-09-03T22:25:06Z
vm.swapusage: total = 5120.00M  used = 3807.50M  free = 1312.50M  (encrypted)
Pages throttled:                                   0.
Swapins:                                      467720.
Swapouts:                                     915659.
sample_end
sample_begin
utc=2026-09-03T22:25:16Z
vm.swapusage: total = 5120.00M  used = 3799.50M  free = 1320.50M  (encrypted)
Pages throttled:                                   0.
Swapins:                                      467724.
Swapouts:                                     915659.
sample_end
sample_begin
utc=2026-09-03T22:25:26Z
vm.swapusage: total = 5120.00M  used = 3799.50M  free = 1320.50M  (encrypted)
Pages throttled:                                   0.
Swapins:                                      467724.
Swapouts:                                     915659.
sample_end
sample_begin
utc=2026-09-03T22:25:36Z
vm.swapusage: total = 5120.00M  used = 3799.50M  free = 1320.50M  (encrypted)
Pages throttled:                                   0.
Swapins:                                      467724.
Swapouts:                                     915659.
sample_end
sample_begin
utc=2026-09-03T22:25:46Z
vm.swapusage: total = 5120.00M  used = 3799.50M  free = 1320.50M  (encrypted)
Pages throttled:                                   0.
Swapins:                                      467728.
Swapouts:                                     915659.
sample_end
sample_begin
utc=2026-09-03T22:25:56Z
vm.swapusage: total = 5120.00M  used = 3799.50M  free = 1320.50M  (encrypted)
Pages throttled:                                   0.
Swapins:                                      467732.
Swapouts:                                     915659.
sample_end
sample_begin
utc=2026-09-03T22:26:06Z
vm.swapusage: total = 5120.00M  used = 3791.50M  free = 1328.50M  (encrypted)
Pages throttled:                                   0.
Swapins:                                      467984.
Swapouts:                                     915659.
sample_end
sample_begin
utc=2026-09-03T22:26:16Z
vm.swapusage: total = 5120.00M  used = 3791.50M  free = 1328.50M  (encrypted)
Pages throttled:                                   0.
Swapins:                                      468000.
Swapouts:                                     915659.
sample_end
sample_begin
utc=2026-09-03T22:26:26Z
vm.swapusage: total = 5120.00M  used = 3791.50M  free = 1328.50M  (encrypted)
Pages throttled:                                   0.
Swapins:                                      468000.
Swapouts:                                     915659.
sample_end
sample_begin
utc=2026-09-03T22:26:36Z
vm.swapusage: total = 5120.00M  used = 3791.50M  free = 1328.50M  (encrypted)
Pages throttled:                                   0.
Swapins:                                      468020.
Swapouts:                                     915659.
sample_end
sample_begin
utc=2026-09-03T22:26:46Z
vm.swapusage: total = 5120.00M  used = 3791.50M  free = 1328.50M  (encrypted)
Pages throttled:                                   0.
Swapins:                                      468040.
Swapouts:                                     915659.
sample_end
sample_begin
utc=2026-09-03T22:26:56Z
vm.swapusage: total = 5120.00M  used = 3791.50M  free = 1328.50M  (encrypted)
Pages throttled:                                   0.
Swapins:                                      468068.
Swapouts:                                     915659.
sample_end
sample_begin
utc=2026-09-03T22:27:06Z
vm.swapusage: total = 5120.00M  used = 3791.50M  free = 1328.50M  (encrypted)
Pages throttled:                                   0.
Swapins:                                      468076.
Swapouts:                                     915659.
sample_end
sample_begin
utc=2026-09-03T22:27:16Z
vm.swapusage: total = 5120.00M  used = 3791.50M  free = 1328.50M  (encrypted)
Pages throttled:                                   0.
Swapins:                                      468076.
Swapouts:                                     915659.
sample_end
sample_begin
utc=2026-09-03T22:27:26Z
vm.swapusage: total = 5120.00M  used = 3791.50M  free = 1328.50M  (encrypted)
Pages throttled:                                   0.
Swapins:                                      468076.
Swapouts:                                     915659.
sample_end
sample_begin
utc=2026-09-03T22:27:36Z
vm.swapusage: total = 5120.00M  used = 3791.50M  free = 1328.50M  (encrypted)
Pages throttled:                                   0.
Swapins:                                      468080.
Swapouts:                                     915659.
sample_end
sample_begin
utc=2026-09-03T22:27:46Z
vm.swapusage: total = 5120.00M  used = 3791.50M  free = 1328.50M  (encrypted)
Pages throttled:                                   0.
Swapins:                                      468080.
Swapouts:                                     915659.
sample_end
sample_begin
utc=2026-09-03T22:27:56Z
vm.swapusage: total = 5120.00M  used = 3791.50M  free = 1328.50M  (encrypted)
Pages throttled:                                   0.
Swapins:                                      468080.
Swapouts:                                     915659.
sample_end
sample_begin
utc=2026-09-03T22:28:06Z
vm.swapusage: total = 5120.00M  used = 3791.50M  free = 1328.50M  (encrypted)
Pages throttled:                                   0.
Swapins:                                      468084.
Swapouts:                                     915659.
sample_end
sample_begin
utc=2026-09-03T22:28:16Z
vm.swapusage: total = 5120.00M  used = 3791.50M  free = 1328.50M  (encrypted)
Pages throttled:                                   0.
Swapins:                                      468084.
Swapouts:                                     915659.
sample_end
sample_begin
utc=2026-09-03T22:28:26Z
vm.swapusage: total = 5120.00M  used = 3791.50M  free = 1328.50M  (encrypted)
Pages throttled:                                   0.
Swapins:                                      468084.
Swapouts:                                     915659.
sample_end
sample_begin
utc=2026-09-03T22:28:36Z
vm.swapusage: total = 5120.00M  used = 3791.50M  free = 1328.50M  (encrypted)
Pages throttled:                                   0.
Swapins:                                      468088.
Swapouts:                                     915659.
sample_end
sample_begin
utc=2026-09-03T22:28:46Z
vm.swapusage: total = 5120.00M  used = 3791.50M  free = 1328.50M  (encrypted)
Pages throttled:                                   0.
Swapins:                                      468108.
Swapouts:                                     915659.
sample_end
sample_begin
utc=2026-09-03T22:28:56Z
vm.swapusage: total = 5120.00M  used = 3791.50M  free = 1328.50M  (encrypted)
Pages throttled:                                   0.
Swapins:                                      468124.
Swapouts:                                     915659.
sample_end
sample_begin
utc=2026-09-03T22:29:06Z
vm.swapusage: total = 5120.00M  used = 3791.50M  free = 1328.50M  (encrypted)
Pages throttled:                                   0.
Swapins:                                      468136.
Swapouts:                                     915659.
sample_end
sample_begin
utc=2026-09-03T22:29:16Z
vm.swapusage: total = 5120.00M  used = 3791.50M  free = 1328.50M  (encrypted)
Pages throttled:                                   0.
Swapins:                                      468140.
Swapouts:                                     915659.
sample_end
sample_begin
utc=2026-09-03T22:29:26Z
vm.swapusage: total = 5120.00M  used = 3791.50M  free = 1328.50M  (encrypted)
Pages throttled:                                   0.
Swapins:                                      468144.
Swapouts:                                     915659.
sample_end
sample_begin
utc=2026-09-03T22:29:36Z
vm.swapusage: total = 5120.00M  used = 3791.50M  free = 1328.50M  (encrypted)
Pages throttled:                                   0.
Swapins:                                      468167.
Swapouts:                                     915659.
sample_end
sample_begin
utc=2026-09-03T22:29:46Z
vm.swapusage: total = 5120.00M  used = 3791.50M  free = 1328.50M  (encrypted)
Pages throttled:                                   0.
Swapins:                                      468459.
Swapouts:                                     915659.
sample_end
sample_begin
utc=2026-09-03T22:29:56Z
vm.swapusage: total = 5120.00M  used = 3775.50M  free = 1344.50M  (encrypted)
Pages throttled:                                   0.
Swapins:                                      469172.
Swapouts:                                     915659.
sample_end
sample_begin
utc=2026-09-03T22:30:07Z
vm.swapusage: total = 5120.00M  used = 3775.50M  free = 1344.50M  (encrypted)
Pages throttled:                                   0.
Swapins:                                      469180.
Swapouts:                                     915659.
sample_end
sample_begin
utc=2026-09-03T22:30:17Z
vm.swapusage: total = 5120.00M  used = 3775.50M  free = 1344.50M  (encrypted)
Pages throttled:                                   0.
Swapins:                                      469188.
Swapouts:                                     915659.
sample_end
sample_begin
utc=2026-09-03T22:30:27Z
vm.swapusage: total = 5120.00M  used = 3775.50M  free = 1344.50M  (encrypted)
Pages throttled:                                   0.
Swapins:                                      469200.
Swapouts:                                     915659.
sample_end
sample_begin
utc=2026-09-03T22:30:37Z
vm.swapusage: total = 5120.00M  used = 3775.50M  free = 1344.50M  (encrypted)
Pages throttled:                                   0.
Swapins:                                      469200.
Swapouts:                                     915659.
sample_end
sample_begin
utc=2026-09-03T22:30:47Z
vm.swapusage: total = 5120.00M  used = 3775.50M  free = 1344.50M  (encrypted)
Pages throttled:                                   0.
Swapins:                                      469212.
Swapouts:                                     915659.
sample_end
sample_begin
utc=2026-09-03T22:30:57Z
vm.swapusage: total = 5120.00M  used = 3775.50M  free = 1344.50M  (encrypted)
Pages throttled:                                   0.
Swapins:                                      469216.
Swapouts:                                     915659.
sample_end
sample_begin
utc=2026-09-03T22:31:07Z
vm.swapusage: total = 5120.00M  used = 3775.50M  free = 1344.50M  (encrypted)
Pages throttled:                                   0.
Swapins:                                      469216.
Swapouts:                                     915659.
sample_end
sample_begin
utc=2026-09-03T22:31:17Z
vm.swapusage: total = 5120.00M  used = 3775.50M  free = 1344.50M  (encrypted)
Pages throttled:                                   0.
Swapins:                                      469216.
Swapouts:                                     915659.
sample_end
sample_begin
utc=2026-09-03T22:31:27Z
vm.swapusage: total = 5120.00M  used = 3775.50M  free = 1344.50M  (encrypted)
Pages throttled:                                   0.
Swapins:                                      469228.
Swapouts:                                     915659.
sample_end
sample_begin
utc=2026-09-03T22:31:37Z
vm.swapusage: total = 5120.00M  used = 3775.50M  free = 1344.50M  (encrypted)
Pages throttled:                                   0.
Swapins:                                      469228.
Swapouts:                                     915659.
sample_end
sample_begin
utc=2026-09-03T22:31:47Z
vm.swapusage: total = 5120.00M  used = 3775.50M  free = 1344.50M  (encrypted)
Pages throttled:                                   0.
Swapins:                                      469260.
Swapouts:                                     915659.
sample_end
sample_begin
utc=2026-09-03T22:31:57Z
vm.swapusage: total = 5120.00M  used = 3775.50M  free = 1344.50M  (encrypted)
Pages throttled:                                   0.
Swapins:                                      469264.
Swapouts:                                     915659.
sample_end
sample_begin
utc=2026-09-03T22:32:07Z
vm.swapusage: total = 5120.00M  used = 3775.50M  free = 1344.50M  (encrypted)
Pages throttled:                                   0.
Swapins:                                      469284.
Swapouts:                                     915659.
sample_end
sample_begin
utc=2026-09-03T22:32:17Z
vm.swapusage: total = 5120.00M  used = 3775.50M  free = 1344.50M  (encrypted)
Pages throttled:                                   0.
Swapins:                                      469288.
Swapouts:                                     915659.
sample_end
sample_begin
utc=2026-09-03T22:32:27Z
vm.swapusage: total = 5120.00M  used = 3775.50M  free = 1344.50M  (encrypted)
Pages throttled:                                   0.
Swapins:                                      469308.
Swapouts:                                     915659.
sample_end
sample_begin
utc=2026-09-03T22:32:37Z
vm.swapusage: total = 5120.00M  used = 3775.50M  free = 1344.50M  (encrypted)
Pages throttled:                                   0.
Swapins:                                      469308.
Swapouts:                                     915659.
sample_end
sample_begin
utc=2026-09-03T22:32:47Z
vm.swapusage: total = 5120.00M  used = 3775.50M  free = 1344.50M  (encrypted)
Pages throttled:                                   0.
Swapins:                                      469448.
Swapouts:                                     915659.
sample_end
sample_begin
utc=2026-09-03T22:32:57Z
vm.swapusage: total = 5120.00M  used = 3775.50M  free = 1344.50M  (encrypted)
Pages throttled:                                   0.
Swapins:                                      469499.
Swapouts:                                     915659.
sample_end
sample_begin
utc=2026-09-03T22:33:07Z
vm.swapusage: total = 5120.00M  used = 3775.50M  free = 1344.50M  (encrypted)
Pages throttled:                                   0.
Swapins:                                      469499.
Swapouts:                                     915659.
sample_end
sample_begin
utc=2026-09-03T22:33:17Z
vm.swapusage: total = 5120.00M  used = 3775.50M  free = 1344.50M  (encrypted)
Pages throttled:                                   0.
Swapins:                                      469499.
Swapouts:                                     915659.
sample_end
sample_begin
utc=2026-09-03T22:33:27Z
vm.swapusage: total = 5120.00M  used = 3775.50M  free = 1344.50M  (encrypted)
Pages throttled:                                   0.
Swapins:                                      469499.
Swapouts:                                     915659.
sample_end
sample_begin
utc=2026-09-03T22:33:37Z
vm.swapusage: total = 5120.00M  used = 3775.50M  free = 1344.50M  (encrypted)
Pages throttled:                                   0.
Swapins:                                      469499.
Swapouts:                                     915659.
sample_end
sample_begin
utc=2026-09-03T22:33:47Z
vm.swapusage: total = 5120.00M  used = 3767.50M  free = 1352.50M  (encrypted)
Pages throttled:                                   0.
Swapins:                                      469683.
Swapouts:                                     915659.
sample_end
sample_begin
utc=2026-09-03T22:33:57Z
vm.swapusage: total = 5120.00M  used = 3767.50M  free = 1352.50M  (encrypted)
Pages throttled:                                   0.
Swapins:                                      469899.
Swapouts:                                     915659.
sample_end
sample_begin
utc=2026-09-03T22:34:07Z
vm.swapusage: total = 5120.00M  used = 3759.50M  free = 1360.50M  (encrypted)
Pages throttled:                                   0.
Swapins:                                      470207.
Swapouts:                                     915659.
sample_end
sample_begin
utc=2026-09-03T22:34:17Z
vm.swapusage: total = 5120.00M  used = 3759.50M  free = 1360.50M  (encrypted)
Pages throttled:                                   0.
Swapins:                                      470247.
Swapouts:                                     915659.
sample_end
sample_begin
utc=2026-09-03T22:34:27Z
vm.swapusage: total = 5120.00M  used = 3759.50M  free = 1360.50M  (encrypted)
Pages throttled:                                   0.
Swapins:                                      470247.
Swapouts:                                     915659.
sample_end
sample_begin
utc=2026-09-03T22:34:37Z
vm.swapusage: total = 5120.00M  used = 3759.50M  free = 1360.50M  (encrypted)
Pages throttled:                                   0.
Swapins:                                      470251.
Swapouts:                                     915659.
sample_end
sample_begin
utc=2026-09-03T22:34:47Z
vm.swapusage: total = 5120.00M  used = 3759.50M  free = 1360.50M  (encrypted)
Pages throttled:                                   0.
Swapins:                                      470251.
Swapouts:                                     915659.
sample_end
sample_begin
utc=2026-09-03T22:34:57Z
vm.swapusage: total = 5120.00M  used = 3759.50M  free = 1360.50M  (encrypted)
Pages throttled:                                   0.
Swapins:                                      470275.
Swapouts:                                     915659.
sample_end
sample_begin
utc=2026-09-03T22:35:07Z
vm.swapusage: total = 5120.00M  used = 3759.50M  free = 1360.50M  (encrypted)
Pages throttled:                                   0.
Swapins:                                      470275.
Swapouts:                                     915659.
sample_end
sample_begin
utc=2026-09-03T22:35:17Z
vm.swapusage: total = 5120.00M  used = 3759.50M  free = 1360.50M  (encrypted)
Pages throttled:                                   0.
Swapins:                                      470282.
Swapouts:                                     915659.
sample_end
sample_begin
utc=2026-09-03T22:35:27Z
vm.swapusage: total = 5120.00M  used = 3759.50M  free = 1360.50M  (encrypted)
Pages throttled:                                   0.
Swapins:                                      470298.
Swapouts:                                     915659.
sample_end
sample_begin
utc=2026-09-03T22:35:37Z
vm.swapusage: total = 5120.00M  used = 3759.50M  free = 1360.50M  (encrypted)
Pages throttled:                                   0.
Swapins:                                      470298.
Swapouts:                                     915659.
sample_end
sample_begin
utc=2026-09-03T22:35:47Z
vm.swapusage: total = 5120.00M  used = 3759.50M  free = 1360.50M  (encrypted)
Pages throttled:                                   0.
Swapins:                                      470298.
Swapouts:                                     915659.
sample_end
sample_begin
utc=2026-09-03T22:35:58Z
vm.swapusage: total = 5120.00M  used = 3759.50M  free = 1360.50M  (encrypted)
Pages throttled:                                   0.
Swapins:                                      470298.
Swapouts:                                     915659.
sample_end
sample_begin
utc=2026-09-03T22:36:08Z
vm.swapusage: total = 5120.00M  used = 3759.50M  free = 1360.50M  (encrypted)
Pages throttled:                                   0.
Swapins:                                      470298.
Swapouts:                                     915659.
sample_end
sample_begin
utc=2026-09-03T22:36:18Z
vm.swapusage: total = 5120.00M  used = 3759.50M  free = 1360.50M  (encrypted)
Pages throttled:                                   0.
Swapins:                                      470302.
Swapouts:                                     915659.
sample_end
sample_begin
utc=2026-09-03T22:36:28Z
vm.swapusage: total = 5120.00M  used = 3759.50M  free = 1360.50M  (encrypted)
Pages throttled:                                   0.
Swapins:                                      470302.
Swapouts:                                     915659.
sample_end
sample_begin
utc=2026-09-03T22:36:38Z
vm.swapusage: total = 5120.00M  used = 3759.50M  free = 1360.50M  (encrypted)
Pages throttled:                                   0.
Swapins:                                      470302.
Swapouts:                                     915659.
sample_end
sample_begin
utc=2026-09-03T22:36:48Z
vm.swapusage: total = 5120.00M  used = 3759.50M  free = 1360.50M  (encrypted)
Pages throttled:                                   0.
Swapins:                                      470310.
Swapouts:                                     915659.
sample_end
sample_begin
utc=2026-09-03T22:36:58Z
vm.swapusage: total = 5120.00M  used = 3759.50M  free = 1360.50M  (encrypted)
Pages throttled:                                   0.
Swapins:                                      470330.
Swapouts:                                     915659.
sample_end
sample_begin
utc=2026-09-03T22:37:08Z
vm.swapusage: total = 5120.00M  used = 3759.50M  free = 1360.50M  (encrypted)
Pages throttled:                                   0.
Swapins:                                      470330.
Swapouts:                                     915659.
sample_end
sample_begin
utc=2026-09-03T22:37:18Z
vm.swapusage: total = 5120.00M  used = 3759.50M  free = 1360.50M  (encrypted)
Pages throttled:                                   0.
Swapins:                                      470338.
Swapouts:                                     915659.
sample_end
sample_begin
utc=2026-09-03T22:37:28Z
vm.swapusage: total = 5120.00M  used = 3759.50M  free = 1360.50M  (encrypted)
Pages throttled:                                   0.
Swapins:                                      470362.
Swapouts:                                     915659.
sample_end
sample_begin
utc=2026-09-03T22:37:38Z
vm.swapusage: total = 5120.00M  used = 3759.50M  free = 1360.50M  (encrypted)
Pages throttled:                                   0.
Swapins:                                      470362.
Swapouts:                                     915659.
sample_end
sample_begin
utc=2026-09-03T22:37:48Z
vm.swapusage: total = 5120.00M  used = 3759.50M  free = 1360.50M  (encrypted)
Pages throttled:                                   0.
Swapins:                                      470362.
Swapouts:                                     915659.
sample_end
sample_begin
utc=2026-09-03T22:37:58Z
vm.swapusage: total = 5120.00M  used = 3759.50M  free = 1360.50M  (encrypted)
Pages throttled:                                   0.
Swapins:                                      470370.
Swapouts:                                     915659.
sample_end
sample_begin
utc=2026-09-03T22:38:08Z
vm.swapusage: total = 5120.00M  used = 3759.50M  free = 1360.50M  (encrypted)
Pages throttled:                                   0.
Swapins:                                      470374.
Swapouts:                                     915659.
sample_end
sample_begin
utc=2026-09-03T22:38:18Z
vm.swapusage: total = 5120.00M  used = 3759.50M  free = 1360.50M  (encrypted)
Pages throttled:                                   0.
Swapins:                                      470374.
Swapouts:                                     915659.
sample_end
sample_begin
utc=2026-09-03T22:38:28Z
vm.swapusage: total = 5120.00M  used = 3759.50M  free = 1360.50M  (encrypted)
Pages throttled:                                   0.
Swapins:                                      470374.
Swapouts:                                     915659.
sample_end
sample_begin
utc=2026-09-03T22:38:38Z
vm.swapusage: total = 5120.00M  used = 3759.50M  free = 1360.50M  (encrypted)
Pages throttled:                                   0.
Swapins:                                      470374.
Swapouts:                                     915659.
sample_end
sample_begin
utc=2026-09-03T22:38:48Z
vm.swapusage: total = 5120.00M  used = 3759.50M  free = 1360.50M  (encrypted)
Pages throttled:                                   0.
Swapins:                                      470374.
Swapouts:                                     915659.
sample_end
sample_begin
utc=2026-09-03T22:38:58Z
vm.swapusage: total = 5120.00M  used = 3759.50M  free = 1360.50M  (encrypted)
Pages throttled:                                   0.
Swapins:                                      470374.
Swapouts:                                     915659.
sample_end
sample_begin
utc=2026-09-03T22:39:08Z
vm.swapusage: total = 5120.00M  used = 3759.50M  free = 1360.50M  (encrypted)
Pages throttled:                                   0.
Swapins:                                      470398.
Swapouts:                                     915659.
sample_end
sample_begin
utc=2026-09-03T22:39:18Z
vm.swapusage: total = 5120.00M  used = 3759.50M  free = 1360.50M  (encrypted)
Pages throttled:                                   0.
Swapins:                                      470398.
Swapouts:                                     915659.
sample_end
sample_begin
utc=2026-09-03T22:39:28Z
vm.swapusage: total = 5120.00M  used = 3759.50M  free = 1360.50M  (encrypted)
Pages throttled:                                   0.
Swapins:                                      470398.
Swapouts:                                     915659.
sample_end
sample_begin
utc=2026-09-03T22:39:38Z
vm.swapusage: total = 5120.00M  used = 3759.50M  free = 1360.50M  (encrypted)
Pages throttled:                                   0.
Swapins:                                      470406.
Swapouts:                                     915659.
sample_end
sample_begin
utc=2026-09-03T22:39:48Z
vm.swapusage: total = 5120.00M  used = 3759.50M  free = 1360.50M  (encrypted)
Pages throttled:                                   0.
Swapins:                                      470410.
Swapouts:                                     915659.
sample_end
sample_begin
utc=2026-09-03T22:39:58Z
vm.swapusage: total = 5120.00M  used = 3759.50M  free = 1360.50M  (encrypted)
Pages throttled:                                   0.
Swapins:                                      470414.
Swapouts:                                     915659.
sample_end
sample_begin
utc=2026-09-03T22:40:08Z
vm.swapusage: total = 5120.00M  used = 3759.50M  free = 1360.50M  (encrypted)
Pages throttled:                                   0.
Swapins:                                      470414.
Swapouts:                                     915659.
sample_end
sample_begin
utc=2026-09-03T22:40:18Z
vm.swapusage: total = 5120.00M  used = 3759.50M  free = 1360.50M  (encrypted)
Pages throttled:                                   0.
Swapins:                                      470414.
Swapouts:                                     915659.
sample_end
sample_begin
utc=2026-09-03T22:40:28Z
vm.swapusage: total = 5120.00M  used = 3759.50M  free = 1360.50M  (encrypted)
Pages throttled:                                   0.
Swapins:                                      470414.
Swapouts:                                     915659.
sample_end
sample_begin
utc=2026-09-03T22:40:38Z
vm.swapusage: total = 5120.00M  used = 3759.50M  free = 1360.50M  (encrypted)
Pages throttled:                                   0.
Swapins:                                      470414.
Swapouts:                                     915659.
sample_end
sample_begin
utc=2026-09-03T22:40:48Z
vm.swapusage: total = 5120.00M  used = 3759.50M  free = 1360.50M  (encrypted)
Pages throttled:                                   0.
Swapins:                                      470414.
Swapouts:                                     915659.
sample_end
sample_begin
utc=2026-09-03T22:40:58Z
vm.swapusage: total = 5120.00M  used = 3759.50M  free = 1360.50M  (encrypted)
Pages throttled:                                   0.
Swapins:                                      470418.
Swapouts:                                     915659.
sample_end
sample_begin
utc=2026-09-03T22:41:08Z
vm.swapusage: total = 5120.00M  used = 3759.50M  free = 1360.50M  (encrypted)
Pages throttled:                                   0.
Swapins:                                      470418.
Swapouts:                                     915659.
sample_end
sample_begin
utc=2026-09-03T22:41:18Z
vm.swapusage: total = 5120.00M  used = 3759.50M  free = 1360.50M  (encrypted)
Pages throttled:                                   0.
Swapins:                                      470442.
Swapouts:                                     915659.
sample_end
sample_begin
utc=2026-09-03T22:41:28Z
vm.swapusage: total = 5120.00M  used = 3759.50M  free = 1360.50M  (encrypted)
Pages throttled:                                   0.
Swapins:                                      470442.
Swapouts:                                     915659.
sample_end
sample_begin
utc=2026-09-03T22:41:39Z
vm.swapusage: total = 5120.00M  used = 3759.50M  free = 1360.50M  (encrypted)
Pages throttled:                                   0.
Swapins:                                      470442.
Swapouts:                                     915659.
sample_end
sample_begin
utc=2026-09-03T22:41:49Z
vm.swapusage: total = 5120.00M  used = 3759.50M  free = 1360.50M  (encrypted)
Pages throttled:                                   0.
Swapins:                                      470442.
Swapouts:                                     915659.
sample_end
sample_begin
utc=2026-09-03T22:41:59Z
vm.swapusage: total = 5120.00M  used = 3759.50M  free = 1360.50M  (encrypted)
Pages throttled:                                   0.
Swapins:                                      470442.
Swapouts:                                     915659.
sample_end
sample_begin
utc=2026-09-03T22:42:09Z
vm.swapusage: total = 5120.00M  used = 3751.50M  free = 1368.50M  (encrypted)
Pages throttled:                                   0.
Swapins:                                      470446.
Swapouts:                                     915659.
sample_end
sample_begin
utc=2026-09-03T22:42:19Z
vm.swapusage: total = 5120.00M  used = 3751.50M  free = 1368.50M  (encrypted)
Pages throttled:                                   0.
Swapins:                                      470446.
Swapouts:                                     915659.
sample_end
sample_begin
utc=2026-09-03T22:42:29Z
vm.swapusage: total = 5120.00M  used = 3751.50M  free = 1368.50M  (encrypted)
Pages throttled:                                   0.
Swapins:                                      470446.
Swapouts:                                     915659.
sample_end
sample_begin
utc=2026-09-03T22:42:39Z
vm.swapusage: total = 5120.00M  used = 3751.50M  free = 1368.50M  (encrypted)
Pages throttled:                                   0.
Swapins:                                      470446.
Swapouts:                                     915659.
sample_end
sample_begin
utc=2026-09-03T22:42:49Z
vm.swapusage: total = 5120.00M  used = 3751.50M  free = 1368.50M  (encrypted)
Pages throttled:                                   0.
Swapins:                                      470446.
Swapouts:                                     915659.
sample_end
sample_begin
utc=2026-09-03T22:42:59Z
vm.swapusage: total = 5120.00M  used = 3751.50M  free = 1368.50M  (encrypted)
Pages throttled:                                   0.
Swapins:                                      470537.
Swapouts:                                     915659.
sample_end
sample_begin
utc=2026-09-03T22:43:09Z
vm.swapusage: total = 5120.00M  used = 3751.50M  free = 1368.50M  (encrypted)
Pages throttled:                                   0.
Swapins:                                      470537.
Swapouts:                                     915659.
sample_end
sample_begin
utc=2026-09-03T22:43:19Z
vm.swapusage: total = 5120.00M  used = 3751.50M  free = 1368.50M  (encrypted)
Pages throttled:                                   0.
Swapins:                                      470537.
Swapouts:                                     915659.
sample_end
sample_begin
utc=2026-09-03T22:43:29Z
vm.swapusage: total = 5120.00M  used = 3751.50M  free = 1368.50M  (encrypted)
Pages throttled:                                   0.
Swapins:                                      470537.
Swapouts:                                     915659.
sample_end
sample_begin
utc=2026-09-03T22:43:39Z
vm.swapusage: total = 5120.00M  used = 3751.50M  free = 1368.50M  (encrypted)
Pages throttled:                                   0.
Swapins:                                      470537.
Swapouts:                                     915659.
sample_end
sample_begin
utc=2026-09-03T22:43:49Z
vm.swapusage: total = 5120.00M  used = 3751.50M  free = 1368.50M  (encrypted)
Pages throttled:                                   0.
Swapins:                                      470537.
Swapouts:                                     915659.
sample_end
sample_begin
utc=2026-09-03T22:43:59Z
vm.swapusage: total = 5120.00M  used = 3751.50M  free = 1368.50M  (encrypted)
Pages throttled:                                   0.
Swapins:                                      470569.
Swapouts:                                     915659.
sample_end
sample_begin
utc=2026-09-03T22:44:09Z
vm.swapusage: total = 5120.00M  used = 3751.50M  free = 1368.50M  (encrypted)
Pages throttled:                                   0.
Swapins:                                      470569.
Swapouts:                                     915659.
sample_end
sample_begin
utc=2026-09-03T22:44:19Z
vm.swapusage: total = 5120.00M  used = 3751.50M  free = 1368.50M  (encrypted)
Pages throttled:                                   0.
Swapins:                                      470569.
Swapouts:                                     915659.
sample_end
sample_begin
utc=2026-09-03T22:44:29Z
vm.swapusage: total = 5120.00M  used = 3751.50M  free = 1368.50M  (encrypted)
Pages throttled:                                   0.
Swapins:                                      470569.
Swapouts:                                     915659.
sample_end
sample_begin
utc=2026-09-03T22:44:39Z
vm.swapusage: total = 5120.00M  used = 3751.50M  free = 1368.50M  (encrypted)
Pages throttled:                                   0.
Swapins:                                      470569.
Swapouts:                                     915659.
sample_end
sample_begin
utc=2026-09-03T22:44:49Z
vm.swapusage: total = 5120.00M  used = 3751.50M  free = 1368.50M  (encrypted)
Pages throttled:                                   0.
Swapins:                                      470569.
Swapouts:                                     915659.
sample_end
sample_begin
utc=2026-09-03T22:44:59Z
vm.swapusage: total = 5120.00M  used = 3751.50M  free = 1368.50M  (encrypted)
Pages throttled:                                   0.
Swapins:                                      470573.
Swapouts:                                     915659.
sample_end
sample_begin
utc=2026-09-03T22:45:09Z
vm.swapusage: total = 5120.00M  used = 3751.50M  free = 1368.50M  (encrypted)
Pages throttled:                                   0.
Swapins:                                      470577.
Swapouts:                                     915659.
sample_end
sample_begin
utc=2026-09-03T22:45:19Z
vm.swapusage: total = 5120.00M  used = 3751.50M  free = 1368.50M  (encrypted)
Pages throttled:                                   0.
Swapins:                                      470577.
Swapouts:                                     915659.
sample_end
sample_begin
utc=2026-09-03T22:45:29Z
vm.swapusage: total = 5120.00M  used = 3751.50M  free = 1368.50M  (encrypted)
Pages throttled:                                   0.
Swapins:                                      470577.
Swapouts:                                     915659.
sample_end
sample_begin
utc=2026-09-03T22:45:39Z
vm.swapusage: total = 5120.00M  used = 3751.50M  free = 1368.50M  (encrypted)
Pages throttled:                                   0.
Swapins:                                      470577.
Swapouts:                                     915659.
sample_end
sample_begin
utc=2026-09-03T22:45:49Z
vm.swapusage: total = 5120.00M  used = 3751.50M  free = 1368.50M  (encrypted)
Pages throttled:                                   0.
Swapins:                                      470577.
Swapouts:                                     915659.
sample_end
sample_begin
utc=2026-09-03T22:45:59Z
vm.swapusage: total = 5120.00M  used = 3751.50M  free = 1368.50M  (encrypted)
Pages throttled:                                   0.
Swapins:                                      470577.
Swapouts:                                     915659.
sample_end
sample_begin
utc=2026-09-03T22:46:09Z
vm.swapusage: total = 5120.00M  used = 3751.50M  free = 1368.50M  (encrypted)
Pages throttled:                                   0.
Swapins:                                      470577.
Swapouts:                                     915659.
sample_end
sample_begin
utc=2026-09-03T22:46:19Z
vm.swapusage: total = 5120.00M  used = 3751.50M  free = 1368.50M  (encrypted)
Pages throttled:                                   0.
Swapins:                                      470577.
Swapouts:                                     915659.
sample_end
sample_begin
utc=2026-09-03T22:46:29Z
vm.swapusage: total = 5120.00M  used = 3655.50M  free = 1464.50M  (encrypted)
Pages throttled:                                   0.
Swapins:                                      477214.
Swapouts:                                     915659.
sample_end
sample_begin
utc=2026-09-03T22:46:39Z
vm.swapusage: total = 5120.00M  used = 3647.50M  free = 1472.50M  (encrypted)
Pages throttled:                                   0.
Swapins:                                      477280.
Swapouts:                                     915659.
sample_end
sample_begin
utc=2026-09-03T22:46:49Z
vm.swapusage: total = 5120.00M  used = 3647.50M  free = 1472.50M  (encrypted)
Pages throttled:                                   0.
Swapins:                                      477292.
Swapouts:                                     915659.
sample_end
sample_begin
utc=2026-09-03T22:46:59Z
vm.swapusage: total = 5120.00M  used = 3647.50M  free = 1472.50M  (encrypted)
Pages throttled:                                   0.
Swapins:                                      477292.
Swapouts:                                     915659.
sample_end
sample_begin
utc=2026-09-03T22:47:09Z
vm.swapusage: total = 5120.00M  used = 3647.50M  free = 1472.50M  (encrypted)
Pages throttled:                                   0.
Swapins:                                      477292.
Swapouts:                                     915659.
sample_end
sample_begin
utc=2026-09-03T22:47:19Z
vm.swapusage: total = 5120.00M  used = 3647.50M  free = 1472.50M  (encrypted)
Pages throttled:                                   0.
Swapins:                                      477424.
Swapouts:                                     915659.
sample_end
sample_begin
utc=2026-09-03T22:47:29Z
vm.swapusage: total = 5120.00M  used = 3647.50M  free = 1472.50M  (encrypted)
Pages throttled:                                   0.
Swapins:                                      477424.
Swapouts:                                     915659.
sample_end
sample_begin
utc=2026-09-03T22:47:39Z
vm.swapusage: total = 5120.00M  used = 3647.50M  free = 1472.50M  (encrypted)
Pages throttled:                                   0.
Swapins:                                      477424.
Swapouts:                                     915659.
sample_end
sample_begin
utc=2026-09-03T22:47:49Z
vm.swapusage: total = 5120.00M  used = 3647.50M  free = 1472.50M  (encrypted)
Pages throttled:                                   0.
Swapins:                                      477424.
Swapouts:                                     915659.
sample_end
sample_begin
utc=2026-09-03T22:47:59Z
vm.swapusage: total = 5120.00M  used = 3647.50M  free = 1472.50M  (encrypted)
Pages throttled:                                   0.
Swapins:                                      477424.
Swapouts:                                     915659.
sample_end
sample_begin
utc=2026-09-03T22:48:09Z
vm.swapusage: total = 5120.00M  used = 3647.50M  free = 1472.50M  (encrypted)
Pages throttled:                                   0.
Swapins:                                      477424.
Swapouts:                                     915659.
sample_end
sample_begin
utc=2026-09-03T22:48:19Z
vm.swapusage: total = 5120.00M  used = 3647.50M  free = 1472.50M  (encrypted)
Pages throttled:                                   0.
Swapins:                                      477440.
Swapouts:                                     915659.
sample_end
sample_begin
utc=2026-09-03T22:48:30Z
vm.swapusage: total = 5120.00M  used = 3647.50M  free = 1472.50M  (encrypted)
Pages throttled:                                   0.
Swapins:                                      477440.
Swapouts:                                     915659.
sample_end
sample_begin
utc=2026-09-03T22:48:40Z
vm.swapusage: total = 5120.00M  used = 3647.50M  free = 1472.50M  (encrypted)
Pages throttled:                                   0.
Swapins:                                      477448.
Swapouts:                                     915659.
sample_end
sample_begin
utc=2026-09-03T22:48:50Z
vm.swapusage: total = 5120.00M  used = 3647.50M  free = 1472.50M  (encrypted)
Pages throttled:                                   0.
Swapins:                                      477456.
Swapouts:                                     915659.
sample_end
sample_begin
utc=2026-09-03T22:49:00Z
vm.swapusage: total = 5120.00M  used = 3647.50M  free = 1472.50M  (encrypted)
Pages throttled:                                   0.
Swapins:                                      477468.
Swapouts:                                     915659.
sample_end
sample_begin
utc=2026-09-03T22:49:10Z
vm.swapusage: total = 5120.00M  used = 3647.50M  free = 1472.50M  (encrypted)
Pages throttled:                                   0.
Swapins:                                      477468.
Swapouts:                                     915659.
sample_end
sample_begin
utc=2026-09-03T22:49:20Z
vm.swapusage: total = 5120.00M  used = 3647.50M  free = 1472.50M  (encrypted)
Pages throttled:                                   0.
Swapins:                                      477468.
Swapouts:                                     915659.
sample_end
sample_begin
utc=2026-09-03T22:49:30Z
vm.swapusage: total = 5120.00M  used = 3647.50M  free = 1472.50M  (encrypted)
Pages throttled:                                   0.
Swapins:                                      477520.
Swapouts:                                     915659.
sample_end
sample_begin
utc=2026-09-03T22:49:40Z
vm.swapusage: total = 5120.00M  used = 3647.50M  free = 1472.50M  (encrypted)
Pages throttled:                                   0.
Swapins:                                      477520.
Swapouts:                                     915659.
sample_end
sample_begin
utc=2026-09-03T22:49:50Z
vm.swapusage: total = 5120.00M  used = 3647.50M  free = 1472.50M  (encrypted)
Pages throttled:                                   0.
Swapins:                                      477520.
Swapouts:                                     915659.
sample_end
sample_begin
utc=2026-09-03T22:50:00Z
vm.swapusage: total = 5120.00M  used = 3647.50M  free = 1472.50M  (encrypted)
Pages throttled:                                   0.
Swapins:                                      477540.
Swapouts:                                     915659.
sample_end
sample_begin
utc=2026-09-03T22:50:10Z
vm.swapusage: total = 5120.00M  used = 3639.50M  free = 1480.50M  (encrypted)
Pages throttled:                                   0.
Swapins:                                      477640.
Swapouts:                                     915659.
sample_end
sample_begin
utc=2026-09-03T22:50:20Z
vm.swapusage: total = 5120.00M  used = 3639.50M  free = 1480.50M  (encrypted)
Pages throttled:                                   0.
Swapins:                                      477640.
Swapouts:                                     915659.
sample_end
sample_begin
utc=2026-09-03T22:50:30Z
vm.swapusage: total = 5120.00M  used = 3639.50M  free = 1480.50M  (encrypted)
Pages throttled:                                   0.
Swapins:                                      477644.
Swapouts:                                     915659.
sample_end
sample_begin
utc=2026-09-03T22:50:40Z
vm.swapusage: total = 5120.00M  used = 3639.50M  free = 1480.50M  (encrypted)
Pages throttled:                                   0.
Swapins:                                      477648.
Swapouts:                                     915659.
sample_end
sample_begin
utc=2026-09-03T22:50:50Z
vm.swapusage: total = 5120.00M  used = 3639.50M  free = 1480.50M  (encrypted)
Pages throttled:                                   0.
Swapins:                                      477724.
Swapouts:                                     915659.
sample_end
sample_begin
utc=2026-09-03T22:51:00Z
vm.swapusage: total = 5120.00M  used = 3639.50M  free = 1480.50M  (encrypted)
Pages throttled:                                   0.
Swapins:                                      477820.
Swapouts:                                     915659.
sample_end
sample_begin
utc=2026-09-03T22:51:10Z
vm.swapusage: total = 5120.00M  used = 3639.50M  free = 1480.50M  (encrypted)
Pages throttled:                                   0.
Swapins:                                      477832.
Swapouts:                                     915659.
sample_end
sample_begin
utc=2026-09-03T22:51:20Z
vm.swapusage: total = 5120.00M  used = 3639.50M  free = 1480.50M  (encrypted)
Pages throttled:                                   0.
Swapins:                                      477832.
Swapouts:                                     915659.
sample_end
sample_begin
utc=2026-09-03T22:51:30Z
vm.swapusage: total = 5120.00M  used = 3639.50M  free = 1480.50M  (encrypted)
Pages throttled:                                   0.
Swapins:                                      477836.
Swapouts:                                     915659.
sample_end
sample_begin
utc=2026-09-03T22:51:40Z
vm.swapusage: total = 5120.00M  used = 3639.50M  free = 1480.50M  (encrypted)
Pages throttled:                                   0.
Swapins:                                      477836.
Swapouts:                                     915659.
sample_end
sample_begin
utc=2026-09-03T22:51:50Z
vm.swapusage: total = 5120.00M  used = 3639.50M  free = 1480.50M  (encrypted)
Pages throttled:                                   0.
Swapins:                                      477879.
Swapouts:                                     915659.
sample_end
sample_begin
utc=2026-09-03T22:52:00Z
vm.swapusage: total = 5120.00M  used = 3639.50M  free = 1480.50M  (encrypted)
Pages throttled:                                   0.
Swapins:                                      477879.
Swapouts:                                     915659.
sample_end
sample_begin
utc=2026-09-03T22:52:10Z
vm.swapusage: total = 5120.00M  used = 3639.50M  free = 1480.50M  (encrypted)
Pages throttled:                                   0.
Swapins:                                      477879.
Swapouts:                                     915659.
sample_end
sample_begin
utc=2026-09-03T22:52:20Z
vm.swapusage: total = 5120.00M  used = 3639.50M  free = 1480.50M  (encrypted)
Pages throttled:                                   0.
Swapins:                                      477879.
Swapouts:                                     915659.
sample_end
sample_begin
utc=2026-09-03T22:52:30Z
vm.swapusage: total = 5120.00M  used = 3639.50M  free = 1480.50M  (encrypted)
Pages throttled:                                   0.
Swapins:                                      477883.
Swapouts:                                     915659.
sample_end
sample_begin
utc=2026-09-03T22:52:40Z
vm.swapusage: total = 5120.00M  used = 3639.50M  free = 1480.50M  (encrypted)
Pages throttled:                                   0.
Swapins:                                      477887.
Swapouts:                                     915659.
sample_end
sample_begin
utc=2026-09-03T22:52:50Z
vm.swapusage: total = 5120.00M  used = 3631.50M  free = 1488.50M  (encrypted)
Pages throttled:                                   0.
Swapins:                                      478051.
Swapouts:                                     915659.
sample_end
sample_begin
utc=2026-09-03T22:53:00Z
vm.swapusage: total = 5120.00M  used = 3631.50M  free = 1488.50M  (encrypted)
Pages throttled:                                   0.
Swapins:                                      478059.
Swapouts:                                     915659.
sample_end
sample_begin
utc=2026-09-03T22:53:10Z
vm.swapusage: total = 5120.00M  used = 3631.50M  free = 1488.50M  (encrypted)
Pages throttled:                                   0.
Swapins:                                      478059.
Swapouts:                                     915659.
sample_end
sample_begin
utc=2026-09-03T22:53:20Z
vm.swapusage: total = 5120.00M  used = 3631.50M  free = 1488.50M  (encrypted)
Pages throttled:                                   0.
Swapins:                                      478075.
Swapouts:                                     915659.
sample_end
sample_begin
utc=2026-09-03T22:53:30Z
vm.swapusage: total = 5120.00M  used = 3631.50M  free = 1488.50M  (encrypted)
Pages throttled:                                   0.
Swapins:                                      478075.
Swapouts:                                     915659.
sample_end
sample_begin
utc=2026-09-03T22:53:40Z
vm.swapusage: total = 5120.00M  used = 3631.50M  free = 1488.50M  (encrypted)
Pages throttled:                                   0.
Swapins:                                      478075.
Swapouts:                                     915659.
sample_end
sample_begin
utc=2026-09-03T22:53:50Z
vm.swapusage: total = 5120.00M  used = 3631.50M  free = 1488.50M  (encrypted)
Pages throttled:                                   0.
Swapins:                                      478075.
Swapouts:                                     915659.
sample_end
sample_begin
utc=2026-09-03T22:54:00Z
vm.swapusage: total = 5120.00M  used = 3631.50M  free = 1488.50M  (encrypted)
Pages throttled:                                   0.
Swapins:                                      478075.
Swapouts:                                     915659.
sample_end
sample_begin
utc=2026-09-03T22:54:10Z
vm.swapusage: total = 5120.00M  used = 3631.50M  free = 1488.50M  (encrypted)
Pages throttled:                                   0.
Swapins:                                      478079.
Swapouts:                                     915659.
sample_end
sample_begin
utc=2026-09-03T22:54:20Z
vm.swapusage: total = 5120.00M  used = 3631.50M  free = 1488.50M  (encrypted)
Pages throttled:                                   0.
Swapins:                                      478079.
Swapouts:                                     915659.
sample_end
sample_begin
utc=2026-09-03T22:54:30Z
vm.swapusage: total = 5120.00M  used = 3631.50M  free = 1488.50M  (encrypted)
Pages throttled:                                   0.
Swapins:                                      478079.
Swapouts:                                     915659.
sample_end
sample_begin
utc=2026-09-03T22:54:40Z
vm.swapusage: total = 5120.00M  used = 3631.50M  free = 1488.50M  (encrypted)
Pages throttled:                                   0.
Swapins:                                      478107.
Swapouts:                                     915659.
sample_end
sample_begin
utc=2026-09-03T22:54:50Z
vm.swapusage: total = 5120.00M  used = 3631.50M  free = 1488.50M  (encrypted)
Pages throttled:                                   0.
Swapins:                                      478131.
Swapouts:                                     915659.
sample_end
sample_begin
utc=2026-09-03T22:55:01Z
vm.swapusage: total = 5120.00M  used = 3631.50M  free = 1488.50M  (encrypted)
Pages throttled:                                   0.
Swapins:                                      478131.
Swapouts:                                     915659.
sample_end
sample_begin
utc=2026-09-03T22:55:11Z
vm.swapusage: total = 5120.00M  used = 3631.50M  free = 1488.50M  (encrypted)
Pages throttled:                                   0.
Swapins:                                      478131.
Swapouts:                                     915659.
sample_end
sample_begin
utc=2026-09-03T22:55:21Z
vm.swapusage: total = 5120.00M  used = 3631.50M  free = 1488.50M  (encrypted)
Pages throttled:                                   0.
Swapins:                                      478131.
Swapouts:                                     915659.
sample_end
sample_begin
utc=2026-09-03T22:55:31Z
vm.swapusage: total = 5120.00M  used = 3631.50M  free = 1488.50M  (encrypted)
Pages throttled:                                   0.
Swapins:                                      478131.
Swapouts:                                     915659.
sample_end
sample_begin
utc=2026-09-03T22:55:41Z
vm.swapusage: total = 5120.00M  used = 3631.50M  free = 1488.50M  (encrypted)
Pages throttled:                                   0.
Swapins:                                      478131.
Swapouts:                                     915659.
sample_end
sample_begin
utc=2026-09-03T22:55:51Z
vm.swapusage: total = 5120.00M  used = 3631.50M  free = 1488.50M  (encrypted)
Pages throttled:                                   0.
Swapins:                                      478135.
Swapouts:                                     915659.
sample_end
sample_begin
utc=2026-09-03T22:56:01Z
vm.swapusage: total = 5120.00M  used = 3631.50M  free = 1488.50M  (encrypted)
Pages throttled:                                   0.
Swapins:                                      478135.
Swapouts:                                     915659.
sample_end
sample_begin
utc=2026-09-03T22:56:11Z
vm.swapusage: total = 5120.00M  used = 3631.50M  free = 1488.50M  (encrypted)
Pages throttled:                                   0.
Swapins:                                      478135.
Swapouts:                                     915659.
sample_end
sample_begin
utc=2026-09-03T22:56:21Z
vm.swapusage: total = 5120.00M  used = 3631.50M  free = 1488.50M  (encrypted)
Pages throttled:                                   0.
Swapins:                                      478135.
Swapouts:                                     915659.
sample_end
sample_begin
utc=2026-09-03T22:56:31Z
vm.swapusage: total = 5120.00M  used = 3631.50M  free = 1488.50M  (encrypted)
Pages throttled:                                   0.
Swapins:                                      478135.
Swapouts:                                     915659.
sample_end
sample_begin
utc=2026-09-03T22:56:41Z
vm.swapusage: total = 5120.00M  used = 3631.50M  free = 1488.50M  (encrypted)
Pages throttled:                                   0.
Swapins:                                      478135.
Swapouts:                                     915659.
sample_end
sample_begin
utc=2026-09-03T22:56:51Z
vm.swapusage: total = 5120.00M  used = 3631.50M  free = 1488.50M  (encrypted)
Pages throttled:                                   0.
Swapins:                                      478135.
Swapouts:                                     915659.
sample_end
sample_begin
utc=2026-09-03T22:57:01Z
vm.swapusage: total = 5120.00M  used = 3631.50M  free = 1488.50M  (encrypted)
Pages throttled:                                   0.
Swapins:                                      478147.
Swapouts:                                     915659.
sample_end
sample_begin
utc=2026-09-03T22:57:11Z
vm.swapusage: total = 5120.00M  used = 3631.50M  free = 1488.50M  (encrypted)
Pages throttled:                                   0.
Swapins:                                      478159.
Swapouts:                                     915659.
sample_end
sample_begin
utc=2026-09-03T22:57:21Z
vm.swapusage: total = 5120.00M  used = 3631.50M  free = 1488.50M  (encrypted)
Pages throttled:                                   0.
Swapins:                                      478159.
Swapouts:                                     915659.
sample_end
sample_begin
utc=2026-09-03T22:57:31Z
vm.swapusage: total = 5120.00M  used = 3631.50M  free = 1488.50M  (encrypted)
Pages throttled:                                   0.
Swapins:                                      478159.
Swapouts:                                     915659.
sample_end
sample_begin
utc=2026-09-03T22:57:41Z
vm.swapusage: total = 5120.00M  used = 3631.50M  free = 1488.50M  (encrypted)
Pages throttled:                                   0.
Swapins:                                      478175.
Swapouts:                                     915659.
sample_end
sample_begin
utc=2026-09-03T22:57:51Z
vm.swapusage: total = 5120.00M  used = 3631.50M  free = 1488.50M  (encrypted)
Pages throttled:                                   0.
Swapins:                                      478179.
Swapouts:                                     915659.
sample_end
sample_begin
utc=2026-09-03T22:58:01Z
vm.swapusage: total = 5120.00M  used = 3631.50M  free = 1488.50M  (encrypted)
Pages throttled:                                   0.
Swapins:                                      478179.
Swapouts:                                     915659.
sample_end
sample_begin
utc=2026-09-03T22:58:11Z
vm.swapusage: total = 5120.00M  used = 3631.50M  free = 1488.50M  (encrypted)
Pages throttled:                                   0.
Swapins:                                      478179.
Swapouts:                                     915659.
sample_end
sample_begin
utc=2026-09-03T22:58:21Z
vm.swapusage: total = 5120.00M  used = 3631.50M  free = 1488.50M  (encrypted)
Pages throttled:                                   0.
Swapins:                                      478179.
Swapouts:                                     915659.
sample_end
sample_begin
utc=2026-09-03T22:58:31Z
vm.swapusage: total = 5120.00M  used = 3631.50M  free = 1488.50M  (encrypted)
Pages throttled:                                   0.
Swapins:                                      478183.
Swapouts:                                     915659.
sample_end
sample_begin
utc=2026-09-03T22:58:41Z
vm.swapusage: total = 5120.00M  used = 3631.50M  free = 1488.50M  (encrypted)
Pages throttled:                                   0.
Swapins:                                      478195.
Swapouts:                                     915659.
sample_end
sample_begin
utc=2026-09-03T22:58:51Z
vm.swapusage: total = 5120.00M  used = 3631.50M  free = 1488.50M  (encrypted)
Pages throttled:                                   0.
Swapins:                                      478215.
Swapouts:                                     915659.
sample_end
sample_begin
utc=2026-09-03T22:59:01Z
vm.swapusage: total = 5120.00M  used = 3631.50M  free = 1488.50M  (encrypted)
Pages throttled:                                   0.
Swapins:                                      478215.
Swapouts:                                     915659.
sample_end
sample_begin
utc=2026-09-03T22:59:11Z
vm.swapusage: total = 5120.00M  used = 3631.50M  free = 1488.50M  (encrypted)
Pages throttled:                                   0.
Swapins:                                      478219.
Swapouts:                                     915659.
sample_end
sample_begin
utc=2026-09-03T22:59:21Z
vm.swapusage: total = 5120.00M  used = 3631.50M  free = 1488.50M  (encrypted)
Pages throttled:                                   0.
Swapins:                                      478219.
Swapouts:                                     915659.
sample_end
sample_begin
utc=2026-09-03T22:59:31Z
vm.swapusage: total = 5120.00M  used = 3631.50M  free = 1488.50M  (encrypted)
Pages throttled:                                   0.
Swapins:                                      478219.
Swapouts:                                     915659.
sample_end
sample_begin
utc=2026-09-03T22:59:42Z
vm.swapusage: total = 5120.00M  used = 3631.50M  free = 1488.50M  (encrypted)
Pages throttled:                                   0.
Swapins:                                      478219.
Swapouts:                                     915659.
sample_end
sample_begin
utc=2026-09-03T22:59:52Z
vm.swapusage: total = 5120.00M  used = 3631.50M  free = 1488.50M  (encrypted)
Pages throttled:                                   0.
Swapins:                                      478223.
Swapouts:                                     915659.
sample_end
sample_begin
utc=2026-09-03T23:00:02Z
vm.swapusage: total = 5120.00M  used = 3631.50M  free = 1488.50M  (encrypted)
Pages throttled:                                   0.
Swapins:                                      478275.
Swapouts:                                     915659.
sample_end
sample_begin
utc=2026-09-03T23:00:12Z
vm.swapusage: total = 5120.00M  used = 3631.50M  free = 1488.50M  (encrypted)
Pages throttled:                                   0.
Swapins:                                      478275.
Swapouts:                                     915659.
sample_end
sample_begin
utc=2026-09-03T23:00:22Z
vm.swapusage: total = 5120.00M  used = 3631.50M  free = 1488.50M  (encrypted)
Pages throttled:                                   0.
Swapins:                                      478291.
Swapouts:                                     915659.
sample_end
sample_begin
utc=2026-09-03T23:00:32Z
vm.swapusage: total = 5120.00M  used = 3631.50M  free = 1488.50M  (encrypted)
Pages throttled:                                   0.
Swapins:                                      478291.
Swapouts:                                     915659.
sample_end
sample_begin
utc=2026-09-03T23:00:42Z
vm.swapusage: total = 5120.00M  used = 3631.50M  free = 1488.50M  (encrypted)
Pages throttled:                                   0.
Swapins:                                      478303.
Swapouts:                                     915659.
sample_end
sample_begin
utc=2026-09-03T23:00:52Z
vm.swapusage: total = 5120.00M  used = 3631.50M  free = 1488.50M  (encrypted)
Pages throttled:                                   0.
Swapins:                                      478303.
Swapouts:                                     915659.
sample_end
sample_begin
utc=2026-09-03T23:01:02Z
vm.swapusage: total = 5120.00M  used = 3631.50M  free = 1488.50M  (encrypted)
Pages throttled:                                   0.
Swapins:                                      478315.
Swapouts:                                     915659.
sample_end
sample_begin
utc=2026-09-03T23:01:12Z
vm.swapusage: total = 5120.00M  used = 3631.50M  free = 1488.50M  (encrypted)
Pages throttled:                                   0.
Swapins:                                      478319.
Swapouts:                                     915659.
sample_end
sample_begin
utc=2026-09-03T23:01:22Z
vm.swapusage: total = 5120.00M  used = 3631.50M  free = 1488.50M  (encrypted)
Pages throttled:                                   0.
Swapins:                                      478331.
Swapouts:                                     915659.
sample_end
sample_begin
utc=2026-09-03T23:01:32Z
vm.swapusage: total = 5120.00M  used = 3631.50M  free = 1488.50M  (encrypted)
Pages throttled:                                   0.
Swapins:                                      478359.
Swapouts:                                     915659.
sample_end
sample_begin
utc=2026-09-03T23:01:42Z
vm.swapusage: total = 5120.00M  used = 3631.50M  free = 1488.50M  (encrypted)
Pages throttled:                                   0.
Swapins:                                      478379.
Swapouts:                                     915659.
sample_end
sample_begin
utc=2026-09-03T23:01:52Z
vm.swapusage: total = 5120.00M  used = 3631.50M  free = 1488.50M  (encrypted)
Pages throttled:                                   0.
Swapins:                                      478591.
Swapouts:                                     915659.
sample_end
sample_begin
utc=2026-09-03T23:02:02Z
vm.swapusage: total = 5120.00M  used = 3631.50M  free = 1488.50M  (encrypted)
Pages throttled:                                   0.
Swapins:                                      478611.
Swapouts:                                     915659.
sample_end
sample_begin
utc=2026-09-03T23:02:12Z
vm.swapusage: total = 5120.00M  used = 3631.50M  free = 1488.50M  (encrypted)
Pages throttled:                                   0.
Swapins:                                      478731.
Swapouts:                                     915659.
sample_end
sample_begin
utc=2026-09-03T23:02:22Z
vm.swapusage: total = 5120.00M  used = 3551.50M  free = 1568.50M  (encrypted)
Pages throttled:                                   0.
Swapins:                                      483332.
Swapouts:                                     915659.
sample_end
sample_begin
utc=2026-09-03T23:02:32Z
vm.swapusage: total = 5120.00M  used = 3551.50M  free = 1568.50M  (encrypted)
Pages throttled:                                   0.
Swapins:                                      483503.
Swapouts:                                     915659.
sample_end
sample_begin
utc=2026-09-03T23:02:42Z
vm.swapusage: total = 5120.00M  used = 3551.50M  free = 1568.50M  (encrypted)
Pages throttled:                                   0.
Swapins:                                      483503.
Swapouts:                                     915659.
sample_end
sample_begin
utc=2026-09-03T23:02:52Z
vm.swapusage: total = 5120.00M  used = 3551.50M  free = 1568.50M  (encrypted)
Pages throttled:                                   0.
Swapins:                                      483523.
Swapouts:                                     915659.
sample_end
sample_begin
utc=2026-09-03T23:03:02Z
vm.swapusage: total = 5120.00M  used = 3551.50M  free = 1568.50M  (encrypted)
Pages throttled:                                   0.
Swapins:                                      483547.
Swapouts:                                     915659.
sample_end
sample_begin
utc=2026-09-03T23:03:12Z
vm.swapusage: total = 5120.00M  used = 3551.50M  free = 1568.50M  (encrypted)
Pages throttled:                                   0.
Swapins:                                      483551.
Swapouts:                                     915659.
sample_end
sample_begin
utc=2026-09-03T23:03:22Z
vm.swapusage: total = 5120.00M  used = 3551.50M  free = 1568.50M  (encrypted)
Pages throttled:                                   0.
Swapins:                                      483559.
Swapouts:                                     915659.
sample_end
sample_begin
utc=2026-09-03T23:03:32Z
vm.swapusage: total = 5120.00M  used = 3551.50M  free = 1568.50M  (encrypted)
Pages throttled:                                   0.
Swapins:                                      483559.
Swapouts:                                     915659.
sample_end
sample_begin
utc=2026-09-03T23:03:42Z
vm.swapusage: total = 5120.00M  used = 3551.50M  free = 1568.50M  (encrypted)
Pages throttled:                                   0.
Swapins:                                      483591.
Swapouts:                                     915659.
sample_end
sample_begin
utc=2026-09-03T23:03:52Z
vm.swapusage: total = 5120.00M  used = 3551.50M  free = 1568.50M  (encrypted)
Pages throttled:                                   0.
Swapins:                                      483595.
Swapouts:                                     915659.
sample_end
sample_begin
utc=2026-09-03T23:04:02Z
vm.swapusage: total = 5120.00M  used = 3551.50M  free = 1568.50M  (encrypted)
Pages throttled:                                   0.
Swapins:                                      483595.
Swapouts:                                     915659.
sample_end
sample_begin
utc=2026-09-03T23:04:12Z
vm.swapusage: total = 5120.00M  used = 3551.50M  free = 1568.50M  (encrypted)
Pages throttled:                                   0.
Swapins:                                      483595.
Swapouts:                                     915659.
sample_end
sample_begin
utc=2026-09-03T23:04:22Z
vm.swapusage: total = 5120.00M  used = 3551.50M  free = 1568.50M  (encrypted)
Pages throttled:                                   0.
Swapins:                                      483599.
Swapouts:                                     915659.
sample_end
sample_begin
utc=2026-09-03T23:04:32Z
vm.swapusage: total = 5120.00M  used = 3551.50M  free = 1568.50M  (encrypted)
Pages throttled:                                   0.
Swapins:                                      483615.
Swapouts:                                     915659.
sample_end
sample_begin
utc=2026-09-03T23:04:42Z
vm.swapusage: total = 5120.00M  used = 3551.50M  free = 1568.50M  (encrypted)
Pages throttled:                                   0.
Swapins:                                      483615.
Swapouts:                                     915659.
sample_end
sample_begin
utc=2026-09-03T23:04:52Z
vm.swapusage: total = 5120.00M  used = 3551.50M  free = 1568.50M  (encrypted)
Pages throttled:                                   0.
Swapins:                                      483635.
Swapouts:                                     915659.
sample_end
sample_begin
utc=2026-09-03T23:05:03Z
vm.swapusage: total = 5120.00M  used = 3551.50M  free = 1568.50M  (encrypted)
Pages throttled:                                   0.
Swapins:                                      483635.
Swapouts:                                     915659.
sample_end
sample_begin
utc=2026-09-03T23:05:13Z
vm.swapusage: total = 5120.00M  used = 3551.50M  free = 1568.50M  (encrypted)
Pages throttled:                                   0.
Swapins:                                      483635.
Swapouts:                                     915659.
sample_end
sample_begin
utc=2026-09-03T23:05:23Z
vm.swapusage: total = 5120.00M  used = 3551.50M  free = 1568.50M  (encrypted)
Pages throttled:                                   0.
Swapins:                                      483639.
Swapouts:                                     915659.
sample_end
sample_begin
utc=2026-09-03T23:05:33Z
vm.swapusage: total = 5120.00M  used = 3551.50M  free = 1568.50M  (encrypted)
Pages throttled:                                   0.
Swapins:                                      483639.
Swapouts:                                     915659.
sample_end
sample_begin
utc=2026-09-03T23:05:43Z
vm.swapusage: total = 5120.00M  used = 3551.50M  free = 1568.50M  (encrypted)
Pages throttled:                                   0.
Swapins:                                      483683.
Swapouts:                                     915659.
sample_end
sample_begin
utc=2026-09-03T23:05:53Z
vm.swapusage: total = 5120.00M  used = 3551.50M  free = 1568.50M  (encrypted)
Pages throttled:                                   0.
Swapins:                                      483683.
Swapouts:                                     915659.
sample_end
sample_begin
utc=2026-09-03T23:06:03Z
vm.swapusage: total = 5120.00M  used = 3511.50M  free = 1608.50M  (encrypted)
Pages throttled:                                   0.
Swapins:                                      486078.
Swapouts:                                     915659.
sample_end
sample_begin
utc=2026-09-03T23:06:13Z
vm.swapusage: total = 5120.00M  used = 3511.50M  free = 1608.50M  (encrypted)
Pages throttled:                                   0.
Swapins:                                      486114.
Swapouts:                                     915659.
sample_end
sample_begin
utc=2026-09-03T23:06:23Z
vm.swapusage: total = 5120.00M  used = 3511.50M  free = 1608.50M  (encrypted)
Pages throttled:                                   0.
Swapins:                                      486114.
Swapouts:                                     915659.
sample_end
sample_begin
utc=2026-09-03T23:06:33Z
vm.swapusage: total = 5120.00M  used = 3511.50M  free = 1608.50M  (encrypted)
Pages throttled:                                   0.
Swapins:                                      486114.
Swapouts:                                     915659.
sample_end
sample_begin
utc=2026-09-03T23:06:43Z
vm.swapusage: total = 5120.00M  used = 3503.50M  free = 1616.50M  (encrypted)
Pages throttled:                                   0.
Swapins:                                      486578.
Swapouts:                                     915659.
sample_end
sample_begin
utc=2026-09-03T23:06:53Z
vm.swapusage: total = 5120.00M  used = 3503.50M  free = 1616.50M  (encrypted)
Pages throttled:                                   0.
Swapins:                                      486598.
Swapouts:                                     915659.
sample_end
sample_begin
utc=2026-09-03T23:07:03Z
vm.swapusage: total = 5120.00M  used = 3503.50M  free = 1616.50M  (encrypted)
Pages throttled:                                   0.
Swapins:                                      486598.
Swapouts:                                     915659.
sample_end
sample_begin
utc=2026-09-03T23:07:13Z
vm.swapusage: total = 5120.00M  used = 3503.50M  free = 1616.50M  (encrypted)
Pages throttled:                                   0.
Swapins:                                      486598.
Swapouts:                                     915659.
sample_end
sample_begin
utc=2026-09-03T23:07:23Z
vm.swapusage: total = 5120.00M  used = 3503.50M  free = 1616.50M  (encrypted)
Pages throttled:                                   0.
Swapins:                                      486598.
Swapouts:                                     915659.
sample_end
sample_begin
utc=2026-09-03T23:07:33Z
vm.swapusage: total = 5120.00M  used = 3503.50M  free = 1616.50M  (encrypted)
Pages throttled:                                   0.
Swapins:                                      486598.
Swapouts:                                     915659.
sample_end
sample_begin
utc=2026-09-03T23:07:43Z
vm.swapusage: total = 5120.00M  used = 3503.50M  free = 1616.50M  (encrypted)
Pages throttled:                                   0.
Swapins:                                      486598.
Swapouts:                                     915659.
sample_end
sample_begin
utc=2026-09-03T23:07:53Z
vm.swapusage: total = 5120.00M  used = 3503.50M  free = 1616.50M  (encrypted)
Pages throttled:                                   0.
Swapins:                                      486606.
Swapouts:                                     915659.
sample_end
sample_begin
utc=2026-09-03T23:08:03Z
vm.swapusage: total = 5120.00M  used = 3503.50M  free = 1616.50M  (encrypted)
Pages throttled:                                   0.
Swapins:                                      486614.
Swapouts:                                     915659.
sample_end
sample_begin
utc=2026-09-03T23:08:13Z
vm.swapusage: total = 5120.00M  used = 3503.50M  free = 1616.50M  (encrypted)
Pages throttled:                                   0.
Swapins:                                      486626.
Swapouts:                                     915659.
sample_end
sample_begin
utc=2026-09-03T23:08:23Z
vm.swapusage: total = 5120.00M  used = 3503.50M  free = 1616.50M  (encrypted)
Pages throttled:                                   0.
Swapins:                                      486626.
Swapouts:                                     915659.
sample_end
sample_begin
utc=2026-09-03T23:08:33Z
vm.swapusage: total = 5120.00M  used = 3503.50M  free = 1616.50M  (encrypted)
Pages throttled:                                   0.
Swapins:                                      486626.
Swapouts:                                     915659.
sample_end
sample_begin
utc=2026-09-03T23:08:43Z
vm.swapusage: total = 5120.00M  used = 3503.50M  free = 1616.50M  (encrypted)
Pages throttled:                                   0.
Swapins:                                      486634.
Swapouts:                                     915659.
sample_end
sample_begin
utc=2026-09-03T23:08:53Z
vm.swapusage: total = 5120.00M  used = 3503.50M  free = 1616.50M  (encrypted)
Pages throttled:                                   0.
Swapins:                                      486634.
Swapouts:                                     915659.
sample_end
sample_begin
utc=2026-09-03T23:09:03Z
vm.swapusage: total = 5120.00M  used = 3503.50M  free = 1616.50M  (encrypted)
Pages throttled:                                   0.
Swapins:                                      486634.
Swapouts:                                     915659.
sample_end
sample_begin
utc=2026-09-03T23:09:13Z
vm.swapusage: total = 5120.00M  used = 3503.50M  free = 1616.50M  (encrypted)
Pages throttled:                                   0.
Swapins:                                      486634.
Swapouts:                                     915659.
sample_end
sample_begin
utc=2026-09-03T23:09:23Z
vm.swapusage: total = 5120.00M  used = 3503.50M  free = 1616.50M  (encrypted)
Pages throttled:                                   0.
Swapins:                                      486638.
Swapouts:                                     915659.
sample_end
sample_begin
utc=2026-09-03T23:09:33Z
vm.swapusage: total = 5120.00M  used = 3503.50M  free = 1616.50M  (encrypted)
Pages throttled:                                   0.
Swapins:                                      486642.
Swapouts:                                     915659.
sample_end
sample_begin
utc=2026-09-03T23:09:43Z
vm.swapusage: total = 5120.00M  used = 3503.50M  free = 1616.50M  (encrypted)
Pages throttled:                                   0.
Swapins:                                      486802.
Swapouts:                                     915659.
sample_end
sample_begin
utc=2026-09-03T23:09:53Z
vm.swapusage: total = 5120.00M  used = 3503.50M  free = 1616.50M  (encrypted)
Pages throttled:                                   0.
Swapins:                                      487077.
Swapouts:                                     915659.
sample_end
sample_begin
utc=2026-09-03T23:10:03Z
vm.swapusage: total = 5120.00M  used = 3503.50M  free = 1616.50M  (encrypted)
Pages throttled:                                   0.
Swapins:                                      487077.
Swapouts:                                     915659.
sample_end
sample_begin
utc=2026-09-03T23:10:14Z
vm.swapusage: total = 5120.00M  used = 3503.50M  free = 1616.50M  (encrypted)
Pages throttled:                                   0.
Swapins:                                      487101.
Swapouts:                                     915659.
sample_end
sample_begin
utc=2026-09-03T23:10:24Z
vm.swapusage: total = 5120.00M  used = 3503.50M  free = 1616.50M  (encrypted)
Pages throttled:                                   0.
Swapins:                                      487133.
Swapouts:                                     915659.
sample_end
sample_begin
utc=2026-09-03T23:10:34Z
vm.swapusage: total = 5120.00M  used = 3503.50M  free = 1616.50M  (encrypted)
Pages throttled:                                   0.
Swapins:                                      487133.
Swapouts:                                     915659.
sample_end
sample_begin
utc=2026-09-03T23:10:44Z
vm.swapusage: total = 5120.00M  used = 3503.50M  free = 1616.50M  (encrypted)
Pages throttled:                                   0.
Swapins:                                      487137.
Swapouts:                                     915659.
sample_end
sample_begin
utc=2026-09-03T23:10:54Z
vm.swapusage: total = 5120.00M  used = 3503.50M  free = 1616.50M  (encrypted)
Pages throttled:                                   0.
Swapins:                                      487137.
Swapouts:                                     915659.
sample_end
sample_begin
utc=2026-09-03T23:11:04Z
vm.swapusage: total = 5120.00M  used = 3503.50M  free = 1616.50M  (encrypted)
Pages throttled:                                   0.
Swapins:                                      487137.
Swapouts:                                     915659.
sample_end
sample_begin
utc=2026-09-03T23:11:14Z
vm.swapusage: total = 5120.00M  used = 3503.50M  free = 1616.50M  (encrypted)
Pages throttled:                                   0.
Swapins:                                      487137.
Swapouts:                                     915659.
sample_end
sample_begin
utc=2026-09-03T23:11:24Z
vm.swapusage: total = 5120.00M  used = 3503.50M  free = 1616.50M  (encrypted)
Pages throttled:                                   0.
Swapins:                                      487137.
Swapouts:                                     915659.
sample_end
sample_begin
utc=2026-09-03T23:11:34Z
vm.swapusage: total = 5120.00M  used = 3503.50M  free = 1616.50M  (encrypted)
Pages throttled:                                   0.
Swapins:                                      487137.
Swapouts:                                     915659.
sample_end
sample_begin
utc=2026-09-03T23:11:44Z
vm.swapusage: total = 5120.00M  used = 3503.50M  free = 1616.50M  (encrypted)
Pages throttled:                                   0.
Swapins:                                      487137.
Swapouts:                                     915659.
sample_end
sample_begin
utc=2026-09-03T23:11:54Z
vm.swapusage: total = 5120.00M  used = 3503.50M  free = 1616.50M  (encrypted)
Pages throttled:                                   0.
Swapins:                                      487137.
Swapouts:                                     915659.
sample_end
sample_begin
utc=2026-09-03T23:12:04Z
vm.swapusage: total = 5120.00M  used = 3503.50M  free = 1616.50M  (encrypted)
Pages throttled:                                   0.
Swapins:                                      487137.
Swapouts:                                     915659.
sample_end
sample_begin
utc=2026-09-03T23:12:14Z
vm.swapusage: total = 5120.00M  used = 3503.50M  free = 1616.50M  (encrypted)
Pages throttled:                                   0.
Swapins:                                      487144.
Swapouts:                                     915659.
sample_end
sample_begin
utc=2026-09-03T23:12:24Z
vm.swapusage: total = 5120.00M  used = 3503.50M  free = 1616.50M  (encrypted)
Pages throttled:                                   0.
Swapins:                                      487144.
Swapouts:                                     915659.
sample_end
sample_begin
utc=2026-09-03T23:12:34Z
vm.swapusage: total = 5120.00M  used = 3503.50M  free = 1616.50M  (encrypted)
Pages throttled:                                   0.
Swapins:                                      487144.
Swapouts:                                     915659.
sample_end
sample_begin
utc=2026-09-03T23:12:44Z
vm.swapusage: total = 5120.00M  used = 3503.50M  free = 1616.50M  (encrypted)
Pages throttled:                                   0.
Swapins:                                      487144.
Swapouts:                                     915659.
sample_end
sample_begin
utc=2026-09-03T23:12:54Z
vm.swapusage: total = 5120.00M  used = 3503.50M  free = 1616.50M  (encrypted)
Pages throttled:                                   0.
Swapins:                                      487144.
Swapouts:                                     915659.
sample_end
sample_begin
utc=2026-09-03T23:13:04Z
vm.swapusage: total = 5120.00M  used = 3503.50M  free = 1616.50M  (encrypted)
Pages throttled:                                   0.
Swapins:                                      487144.
Swapouts:                                     915659.
sample_end
sample_begin
utc=2026-09-03T23:13:14Z
vm.swapusage: total = 5120.00M  used = 3503.50M  free = 1616.50M  (encrypted)
Pages throttled:                                   0.
Swapins:                                      487148.
Swapouts:                                     915659.
sample_end
sample_begin
utc=2026-09-03T23:13:24Z
vm.swapusage: total = 5120.00M  used = 3503.50M  free = 1616.50M  (encrypted)
Pages throttled:                                   0.
Swapins:                                      487148.
Swapouts:                                     915659.
sample_end
sample_begin
utc=2026-09-03T23:13:34Z
vm.swapusage: total = 5120.00M  used = 3503.50M  free = 1616.50M  (encrypted)
Pages throttled:                                   0.
Swapins:                                      487152.
Swapouts:                                     915659.
sample_end
sample_begin
utc=2026-09-03T23:13:44Z
vm.swapusage: total = 5120.00M  used = 3503.50M  free = 1616.50M  (encrypted)
Pages throttled:                                   0.
Swapins:                                      487156.
Swapouts:                                     915659.
sample_end
sample_begin
utc=2026-09-03T23:13:54Z
vm.swapusage: total = 5120.00M  used = 3503.50M  free = 1616.50M  (encrypted)
Pages throttled:                                   0.
Swapins:                                      487156.
Swapouts:                                     915659.
sample_end
sample_begin
utc=2026-09-03T23:14:04Z
vm.swapusage: total = 5120.00M  used = 3503.50M  free = 1616.50M  (encrypted)
Pages throttled:                                   0.
Swapins:                                      487176.
Swapouts:                                     915659.
sample_end
sample_begin
utc=2026-09-03T23:14:14Z
vm.swapusage: total = 5120.00M  used = 3503.50M  free = 1616.50M  (encrypted)
Pages throttled:                                   0.
Swapins:                                      487184.
Swapouts:                                     915659.
sample_end
sample_begin
utc=2026-09-03T23:14:24Z
vm.swapusage: total = 5120.00M  used = 3503.50M  free = 1616.50M  (encrypted)
Pages throttled:                                   0.
Swapins:                                      487184.
Swapouts:                                     915659.
sample_end
sample_begin
utc=2026-09-03T23:14:34Z
vm.swapusage: total = 5120.00M  used = 3503.50M  free = 1616.50M  (encrypted)
Pages throttled:                                   0.
Swapins:                                      487184.
Swapouts:                                     915659.
sample_end
sample_begin
utc=2026-09-03T23:14:44Z
vm.swapusage: total = 5120.00M  used = 3503.50M  free = 1616.50M  (encrypted)
Pages throttled:                                   0.
Swapins:                                      487184.
Swapouts:                                     915659.
sample_end
sample_begin
utc=2026-09-03T23:14:54Z
vm.swapusage: total = 5120.00M  used = 3503.50M  free = 1616.50M  (encrypted)
Pages throttled:                                   0.
Swapins:                                      487184.
Swapouts:                                     915659.
sample_end
sample_begin
utc=2026-09-03T23:15:04Z
vm.swapusage: total = 5120.00M  used = 3503.50M  free = 1616.50M  (encrypted)
Pages throttled:                                   0.
Swapins:                                      487192.
Swapouts:                                     915659.
sample_end
sample_begin
utc=2026-09-03T23:15:14Z
vm.swapusage: total = 5120.00M  used = 3503.50M  free = 1616.50M  (encrypted)
Pages throttled:                                   0.
Swapins:                                      487192.
Swapouts:                                     915659.
sample_end
sample_begin
utc=2026-09-03T23:15:24Z
vm.swapusage: total = 5120.00M  used = 3503.50M  free = 1616.50M  (encrypted)
Pages throttled:                                   0.
Swapins:                                      487192.
Swapouts:                                     915659.
sample_end
sample_begin
utc=2026-09-03T23:15:34Z
vm.swapusage: total = 5120.00M  used = 3503.50M  free = 1616.50M  (encrypted)
Pages throttled:                                   0.
Swapins:                                      487192.
Swapouts:                                     915659.
sample_end
sample_begin
utc=2026-09-03T23:15:44Z
vm.swapusage: total = 5120.00M  used = 3503.50M  free = 1616.50M  (encrypted)
Pages throttled:                                   0.
Swapins:                                      487192.
Swapouts:                                     915659.
sample_end
sample_begin
utc=2026-09-03T23:15:54Z
vm.swapusage: total = 5120.00M  used = 3503.50M  free = 1616.50M  (encrypted)
Pages throttled:                                   0.
Swapins:                                      487192.
Swapouts:                                     915659.
sample_end
sample_begin
utc=2026-09-03T23:16:04Z
vm.swapusage: total = 5120.00M  used = 3503.50M  free = 1616.50M  (encrypted)
Pages throttled:                                   0.
Swapins:                                      487196.
Swapouts:                                     915659.
sample_end
sample_begin
utc=2026-09-03T23:16:15Z
vm.swapusage: total = 5120.00M  used = 3503.50M  free = 1616.50M  (encrypted)
Pages throttled:                                   0.
Swapins:                                      487196.
Swapouts:                                     915659.
sample_end
sample_begin
utc=2026-09-03T23:16:25Z
vm.swapusage: total = 5120.00M  used = 3503.50M  free = 1616.50M  (encrypted)
Pages throttled:                                   0.
Swapins:                                      487200.
Swapouts:                                     915659.
sample_end
sample_begin
utc=2026-09-03T23:16:35Z
vm.swapusage: total = 5120.00M  used = 3503.50M  free = 1616.50M  (encrypted)
Pages throttled:                                   0.
Swapins:                                      487292.
Swapouts:                                     915659.
sample_end
sample_begin
utc=2026-09-03T23:16:45Z
vm.swapusage: total = 5120.00M  used = 3503.50M  free = 1616.50M  (encrypted)
Pages throttled:                                   0.
Swapins:                                      487292.
Swapouts:                                     915659.
sample_end
sample_begin
utc=2026-09-03T23:16:55Z
vm.swapusage: total = 5120.00M  used = 3503.50M  free = 1616.50M  (encrypted)
Pages throttled:                                   0.
Swapins:                                      487292.
Swapouts:                                     915659.
sample_end
sample_begin
utc=2026-09-03T23:17:05Z
vm.swapusage: total = 5120.00M  used = 3503.50M  free = 1616.50M  (encrypted)
Pages throttled:                                   0.
Swapins:                                      487292.
Swapouts:                                     915659.
sample_end
sample_begin
utc=2026-09-03T23:17:15Z
vm.swapusage: total = 5120.00M  used = 3503.50M  free = 1616.50M  (encrypted)
Pages throttled:                                   0.
Swapins:                                      487292.
Swapouts:                                     915659.
sample_end
sample_begin
utc=2026-09-03T23:17:25Z
vm.swapusage: total = 5120.00M  used = 3503.50M  free = 1616.50M  (encrypted)
Pages throttled:                                   0.
Swapins:                                      487292.
Swapouts:                                     915659.
sample_end
sample_begin
utc=2026-09-03T23:17:35Z
vm.swapusage: total = 5120.00M  used = 3503.50M  free = 1616.50M  (encrypted)
Pages throttled:                                   0.
Swapins:                                      487292.
Swapouts:                                     915659.
sample_end
sample_begin
utc=2026-09-03T23:17:45Z
vm.swapusage: total = 5120.00M  used = 3503.50M  free = 1616.50M  (encrypted)
Pages throttled:                                   0.
Swapins:                                      487475.
Swapouts:                                     915659.
sample_end
sample_begin
utc=2026-09-03T23:17:55Z
vm.swapusage: total = 5120.00M  used = 3503.50M  free = 1616.50M  (encrypted)
Pages throttled:                                   0.
Swapins:                                      487487.
Swapouts:                                     915659.
sample_end
sample_begin
utc=2026-09-03T23:18:05Z
vm.swapusage: total = 5120.00M  used = 3503.50M  free = 1616.50M  (encrypted)
Pages throttled:                                   0.
Swapins:                                      487487.
Swapouts:                                     915659.
sample_end
sample_begin
utc=2026-09-03T23:18:15Z
vm.swapusage: total = 5120.00M  used = 3503.50M  free = 1616.50M  (encrypted)
Pages throttled:                                   0.
Swapins:                                      487487.
Swapouts:                                     915659.
sample_end
sample_begin
utc=2026-09-03T23:18:25Z
vm.swapusage: total = 5120.00M  used = 3503.50M  free = 1616.50M  (encrypted)
Pages throttled:                                   0.
Swapins:                                      487499.
Swapouts:                                     915659.
sample_end
sample_begin
utc=2026-09-03T23:18:35Z
vm.swapusage: total = 5120.00M  used = 3503.50M  free = 1616.50M  (encrypted)
Pages throttled:                                   0.
Swapins:                                      487499.
Swapouts:                                     915659.
sample_end
sample_begin
utc=2026-09-03T23:18:45Z
vm.swapusage: total = 5120.00M  used = 3503.50M  free = 1616.50M  (encrypted)
Pages throttled:                                   0.
Swapins:                                      487499.
Swapouts:                                     915659.
sample_end
sample_begin
utc=2026-09-03T23:18:55Z
vm.swapusage: total = 5120.00M  used = 3503.50M  free = 1616.50M  (encrypted)
Pages throttled:                                   0.
Swapins:                                      487499.
Swapouts:                                     915659.
sample_end
sample_begin
utc=2026-09-03T23:19:05Z
vm.swapusage: total = 5120.00M  used = 3503.50M  free = 1616.50M  (encrypted)
Pages throttled:                                   0.
Swapins:                                      487499.
Swapouts:                                     915659.
sample_end
sample_begin
utc=2026-09-03T23:19:15Z
vm.swapusage: total = 5120.00M  used = 3503.50M  free = 1616.50M  (encrypted)
Pages throttled:                                   0.
Swapins:                                      487503.
Swapouts:                                     915659.
sample_end
sample_begin
utc=2026-09-03T23:19:25Z
vm.swapusage: total = 5120.00M  used = 3503.50M  free = 1616.50M  (encrypted)
Pages throttled:                                   0.
Swapins:                                      487503.
Swapouts:                                     915659.
sample_end
sample_begin
utc=2026-09-03T23:19:35Z
vm.swapusage: total = 5120.00M  used = 3503.50M  free = 1616.50M  (encrypted)
Pages throttled:                                   0.
Swapins:                                      487503.
Swapouts:                                     915659.
sample_end
sample_begin
utc=2026-09-03T23:19:45Z
vm.swapusage: total = 5120.00M  used = 3503.50M  free = 1616.50M  (encrypted)
Pages throttled:                                   0.
Swapins:                                      487515.
Swapouts:                                     915659.
sample_end
sample_begin
utc=2026-09-03T23:19:55Z
vm.swapusage: total = 5120.00M  used = 3503.50M  free = 1616.50M  (encrypted)
Pages throttled:                                   0.
Swapins:                                      487515.
Swapouts:                                     915659.
sample_end
sample_begin
utc=2026-09-03T23:20:05Z
vm.swapusage: total = 5120.00M  used = 3503.50M  free = 1616.50M  (encrypted)
Pages throttled:                                   0.
Swapins:                                      487515.
Swapouts:                                     915659.
sample_end
sample_begin
utc=2026-09-03T23:20:15Z
vm.swapusage: total = 5120.00M  used = 3503.50M  free = 1616.50M  (encrypted)
Pages throttled:                                   0.
Swapins:                                      487523.
Swapouts:                                     915659.
sample_end
sample_begin
utc=2026-09-03T23:20:25Z
vm.swapusage: total = 5120.00M  used = 3503.50M  free = 1616.50M  (encrypted)
Pages throttled:                                   0.
Swapins:                                      487527.
Swapouts:                                     915659.
sample_end
sample_begin
utc=2026-09-03T23:20:35Z
vm.swapusage: total = 5120.00M  used = 3503.50M  free = 1616.50M  (encrypted)
Pages throttled:                                   0.
Swapins:                                      487527.
Swapouts:                                     915659.
sample_end
sample_begin
utc=2026-09-03T23:20:45Z
vm.swapusage: total = 5120.00M  used = 3503.50M  free = 1616.50M  (encrypted)
Pages throttled:                                   0.
Swapins:                                      487527.
Swapouts:                                     915659.
sample_end
sample_begin
utc=2026-09-03T23:20:55Z
vm.swapusage: total = 5120.00M  used = 3503.50M  free = 1616.50M  (encrypted)
Pages throttled:                                   0.
Swapins:                                      487527.
Swapouts:                                     915659.
sample_end
sample_begin
utc=2026-09-03T23:21:05Z
vm.swapusage: total = 5120.00M  used = 3503.50M  free = 1616.50M  (encrypted)
Pages throttled:                                   0.
Swapins:                                      487527.
Swapouts:                                     915659.
sample_end
sample_begin
utc=2026-09-03T23:21:15Z
vm.swapusage: total = 5120.00M  used = 3503.50M  free = 1616.50M  (encrypted)
Pages throttled:                                   0.
Swapins:                                      487527.
Swapouts:                                     915659.
sample_end
sample_begin
utc=2026-09-03T23:21:25Z
vm.swapusage: total = 5120.00M  used = 3503.50M  free = 1616.50M  (encrypted)
Pages throttled:                                   0.
Swapins:                                      487527.
Swapouts:                                     915659.
sample_end
sample_begin
utc=2026-09-03T23:21:35Z
vm.swapusage: total = 5120.00M  used = 3503.50M  free = 1616.50M  (encrypted)
Pages throttled:                                   0.
Swapins:                                      487527.
Swapouts:                                     915659.
sample_end
sample_begin
utc=2026-09-03T23:21:45Z
vm.swapusage: total = 5120.00M  used = 3503.50M  free = 1616.50M  (encrypted)
Pages throttled:                                   0.
Swapins:                                      487527.
Swapouts:                                     915659.
sample_end
sample_begin
utc=2026-09-03T23:21:55Z
vm.swapusage: total = 5120.00M  used = 3503.50M  free = 1616.50M  (encrypted)
Pages throttled:                                   0.
Swapins:                                      487527.
Swapouts:                                     915659.
sample_end
sample_begin
utc=2026-09-03T23:22:05Z
vm.swapusage: total = 5120.00M  used = 3503.50M  free = 1616.50M  (encrypted)
Pages throttled:                                   0.
Swapins:                                      487531.
Swapouts:                                     915659.
sample_end
sample_begin
utc=2026-09-03T23:22:16Z
vm.swapusage: total = 5120.00M  used = 3503.50M  free = 1616.50M  (encrypted)
Pages throttled:                                   0.
Swapins:                                      487531.
Swapouts:                                     915659.
sample_end
sample_begin
utc=2026-09-03T23:22:26Z
vm.swapusage: total = 5120.00M  used = 3503.50M  free = 1616.50M  (encrypted)
Pages throttled:                                   0.
Swapins:                                      487531.
Swapouts:                                     915659.
sample_end
sample_begin
utc=2026-09-03T23:22:36Z
vm.swapusage: total = 5120.00M  used = 3503.50M  free = 1616.50M  (encrypted)
Pages throttled:                                   0.
Swapins:                                      487531.
Swapouts:                                     915659.
sample_end
sample_begin
utc=2026-09-03T23:22:46Z
vm.swapusage: total = 5120.00M  used = 3503.50M  free = 1616.50M  (encrypted)
Pages throttled:                                   0.
Swapins:                                      487531.
Swapouts:                                     915659.
sample_end
sample_begin
utc=2026-09-03T23:22:56Z
vm.swapusage: total = 5120.00M  used = 3503.50M  free = 1616.50M  (encrypted)
Pages throttled:                                   0.
Swapins:                                      487531.
Swapouts:                                     915659.
sample_end
sample_begin
utc=2026-09-03T23:23:06Z
vm.swapusage: total = 5120.00M  used = 3503.50M  free = 1616.50M  (encrypted)
Pages throttled:                                   0.
Swapins:                                      487531.
Swapouts:                                     915659.
sample_end
sample_begin
utc=2026-09-03T23:23:16Z
vm.swapusage: total = 5120.00M  used = 3503.50M  free = 1616.50M  (encrypted)
Pages throttled:                                   0.
Swapins:                                      487559.
Swapouts:                                     915659.
sample_end
sample_begin
utc=2026-09-03T23:23:26Z
vm.swapusage: total = 5120.00M  used = 3503.50M  free = 1616.50M  (encrypted)
Pages throttled:                                   0.
Swapins:                                      487591.
Swapouts:                                     915659.
sample_end
sample_begin
utc=2026-09-03T23:23:36Z
vm.swapusage: total = 5120.00M  used = 3503.50M  free = 1616.50M  (encrypted)
Pages throttled:                                   0.
Swapins:                                      487591.
Swapouts:                                     915659.
sample_end
sample_begin
utc=2026-09-03T23:23:46Z
vm.swapusage: total = 5120.00M  used = 3503.50M  free = 1616.50M  (encrypted)
Pages throttled:                                   0.
Swapins:                                      487591.
Swapouts:                                     915659.
sample_end
sample_begin
utc=2026-09-03T23:23:56Z
vm.swapusage: total = 5120.00M  used = 3503.50M  free = 1616.50M  (encrypted)
Pages throttled:                                   0.
Swapins:                                      487591.
Swapouts:                                     915659.
sample_end
sample_begin
utc=2026-09-03T23:24:06Z
vm.swapusage: total = 5120.00M  used = 3503.50M  free = 1616.50M  (encrypted)
Pages throttled:                                   0.
Swapins:                                      487591.
Swapouts:                                     915659.
sample_end
sample_begin
utc=2026-09-03T23:24:16Z
vm.swapusage: total = 5120.00M  used = 3503.50M  free = 1616.50M  (encrypted)
Pages throttled:                                   0.
Swapins:                                      487591.
Swapouts:                                     915659.
sample_end
sample_begin
utc=2026-09-03T23:24:26Z
vm.swapusage: total = 5120.00M  used = 3503.50M  free = 1616.50M  (encrypted)
Pages throttled:                                   0.
Swapins:                                      487591.
Swapouts:                                     915659.
sample_end
sample_begin
utc=2026-09-03T23:24:36Z
vm.swapusage: total = 5120.00M  used = 3503.50M  free = 1616.50M  (encrypted)
Pages throttled:                                   0.
Swapins:                                      487591.
Swapouts:                                     915659.
sample_end
sample_begin
utc=2026-09-03T23:24:46Z
vm.swapusage: total = 5120.00M  used = 3503.50M  free = 1616.50M  (encrypted)
Pages throttled:                                   0.
Swapins:                                      487591.
Swapouts:                                     915659.
sample_end
sample_begin
utc=2026-09-03T23:24:56Z
vm.swapusage: total = 5120.00M  used = 3503.50M  free = 1616.50M  (encrypted)
Pages throttled:                                   0.
Swapins:                                      487599.
Swapouts:                                     915659.
sample_end
sample_begin
utc=2026-09-03T23:25:06Z
vm.swapusage: total = 5120.00M  used = 3503.50M  free = 1616.50M  (encrypted)
Pages throttled:                                   0.
Swapins:                                      487599.
Swapouts:                                     915659.
sample_end
sample_begin
utc=2026-09-03T23:25:16Z
vm.swapusage: total = 5120.00M  used = 3503.50M  free = 1616.50M  (encrypted)
Pages throttled:                                   0.
Swapins:                                      487603.
Swapouts:                                     915659.
sample_end
sample_begin
utc=2026-09-03T23:25:26Z
vm.swapusage: total = 5120.00M  used = 3503.50M  free = 1616.50M  (encrypted)
Pages throttled:                                   0.
Swapins:                                      487603.
Swapouts:                                     915659.
sample_end
sample_begin
utc=2026-09-03T23:25:36Z
vm.swapusage: total = 5120.00M  used = 3503.50M  free = 1616.50M  (encrypted)
Pages throttled:                                   0.
Swapins:                                      487603.
Swapouts:                                     915659.
sample_end
sample_begin
utc=2026-09-03T23:25:46Z
vm.swapusage: total = 5120.00M  used = 3503.50M  free = 1616.50M  (encrypted)
Pages throttled:                                   0.
Swapins:                                      487603.
Swapouts:                                     915659.
sample_end
sample_begin
utc=2026-09-03T23:25:56Z
vm.swapusage: total = 5120.00M  used = 3503.50M  free = 1616.50M  (encrypted)
Pages throttled:                                   0.
Swapins:                                      487603.
Swapouts:                                     915659.
sample_end
sample_begin
utc=2026-09-03T23:26:06Z
vm.swapusage: total = 5120.00M  used = 3503.50M  free = 1616.50M  (encrypted)
Pages throttled:                                   0.
Swapins:                                      487607.
Swapouts:                                     915659.
sample_end
sample_begin
utc=2026-09-03T23:26:16Z
vm.swapusage: total = 5120.00M  used = 3503.50M  free = 1616.50M  (encrypted)
Pages throttled:                                   0.
Swapins:                                      487607.
Swapouts:                                     915659.
sample_end
sample_begin
utc=2026-09-03T23:26:26Z
vm.swapusage: total = 5120.00M  used = 3503.50M  free = 1616.50M  (encrypted)
Pages throttled:                                   0.
Swapins:                                      487607.
Swapouts:                                     915659.
sample_end
sample_begin
utc=2026-09-03T23:26:36Z
vm.swapusage: total = 5120.00M  used = 3503.50M  free = 1616.50M  (encrypted)
Pages throttled:                                   0.
Swapins:                                      487607.
Swapouts:                                     915659.
sample_end
sample_begin
utc=2026-09-03T23:26:46Z
vm.swapusage: total = 5120.00M  used = 3503.50M  free = 1616.50M  (encrypted)
Pages throttled:                                   0.
Swapins:                                      487607.
Swapouts:                                     915659.
sample_end
sample_begin
utc=2026-09-03T23:26:56Z
vm.swapusage: total = 5120.00M  used = 3503.50M  free = 1616.50M  (encrypted)
Pages throttled:                                   0.
Swapins:                                      487607.
Swapouts:                                     915659.
sample_end
sample_begin
utc=2026-09-03T23:27:06Z
vm.swapusage: total = 5120.00M  used = 3503.50M  free = 1616.50M  (encrypted)
Pages throttled:                                   0.
Swapins:                                      487607.
Swapouts:                                     915659.
sample_end
sample_begin
utc=2026-09-03T23:27:16Z
vm.swapusage: total = 5120.00M  used = 3503.50M  free = 1616.50M  (encrypted)
Pages throttled:                                   0.
Swapins:                                      487607.
Swapouts:                                     915659.
sample_end
sample_begin
utc=2026-09-03T23:27:26Z
vm.swapusage: total = 5120.00M  used = 3503.50M  free = 1616.50M  (encrypted)
Pages throttled:                                   0.
Swapins:                                      487607.
Swapouts:                                     915659.
sample_end
sample_begin
utc=2026-09-03T23:27:36Z
vm.swapusage: total = 5120.00M  used = 3503.50M  free = 1616.50M  (encrypted)
Pages throttled:                                   0.
Swapins:                                      487607.
Swapouts:                                     915659.
sample_end
sample_begin
utc=2026-09-03T23:27:46Z
vm.swapusage: total = 5120.00M  used = 3503.50M  free = 1616.50M  (encrypted)
Pages throttled:                                   0.
Swapins:                                      487607.
Swapouts:                                     915659.
sample_end
sample_begin
utc=2026-09-03T23:27:56Z
vm.swapusage: total = 5120.00M  used = 3503.50M  free = 1616.50M  (encrypted)
Pages throttled:                                   0.
Swapins:                                      487607.
Swapouts:                                     915659.
sample_end
sample_begin
utc=2026-09-03T23:28:06Z
vm.swapusage: total = 5120.00M  used = 3503.50M  free = 1616.50M  (encrypted)
Pages throttled:                                   0.
Swapins:                                      487607.
Swapouts:                                     915659.
sample_end
sample_begin
utc=2026-09-03T23:28:16Z
vm.swapusage: total = 5120.00M  used = 3503.50M  free = 1616.50M  (encrypted)
Pages throttled:                                   0.
Swapins:                                      487611.
Swapouts:                                     915659.
sample_end
sample_begin
utc=2026-09-03T23:28:27Z
vm.swapusage: total = 5120.00M  used = 3503.50M  free = 1616.50M  (encrypted)
Pages throttled:                                   0.
Swapins:                                      487611.
Swapouts:                                     915659.
sample_end
sample_begin
utc=2026-09-03T23:28:37Z
vm.swapusage: total = 5120.00M  used = 3503.50M  free = 1616.50M  (encrypted)
Pages throttled:                                   0.
Swapins:                                      487611.
Swapouts:                                     915659.
sample_end
sample_begin
utc=2026-09-03T23:28:47Z
vm.swapusage: total = 5120.00M  used = 3503.50M  free = 1616.50M  (encrypted)
Pages throttled:                                   0.
Swapins:                                      487611.
Swapouts:                                     915659.
sample_end
sample_begin
utc=2026-09-03T23:28:57Z
vm.swapusage: total = 5120.00M  used = 3503.50M  free = 1616.50M  (encrypted)
Pages throttled:                                   0.
Swapins:                                      487611.
Swapouts:                                     915659.
sample_end
sample_begin
utc=2026-09-03T23:29:07Z
vm.swapusage: total = 5120.00M  used = 3503.50M  free = 1616.50M  (encrypted)
Pages throttled:                                   0.
Swapins:                                      487611.
Swapouts:                                     915659.
sample_end
sample_begin
utc=2026-09-03T23:29:17Z
vm.swapusage: total = 5120.00M  used = 3503.50M  free = 1616.50M  (encrypted)
Pages throttled:                                   0.
Swapins:                                      487611.
Swapouts:                                     915659.
sample_end
sample_begin
utc=2026-09-03T23:29:27Z
vm.swapusage: total = 5120.00M  used = 3503.50M  free = 1616.50M  (encrypted)
Pages throttled:                                   0.
Swapins:                                      487611.
Swapouts:                                     915659.
sample_end
sample_begin
utc=2026-09-03T23:29:37Z
vm.swapusage: total = 5120.00M  used = 3503.50M  free = 1616.50M  (encrypted)
Pages throttled:                                   0.
Swapins:                                      487611.
Swapouts:                                     915659.
sample_end
sample_begin
utc=2026-09-03T23:29:47Z
vm.swapusage: total = 5120.00M  used = 3503.50M  free = 1616.50M  (encrypted)
Pages throttled:                                   0.
Swapins:                                      487611.
Swapouts:                                     915659.
sample_end
sample_begin
utc=2026-09-03T23:29:57Z
vm.swapusage: total = 5120.00M  used = 3503.50M  free = 1616.50M  (encrypted)
Pages throttled:                                   0.
Swapins:                                      487611.
Swapouts:                                     915659.
sample_end
sample_begin
utc=2026-09-03T23:30:07Z
vm.swapusage: total = 5120.00M  used = 3503.50M  free = 1616.50M  (encrypted)
Pages throttled:                                   0.
Swapins:                                      487611.
Swapouts:                                     915659.
sample_end
sample_begin
utc=2026-09-03T23:30:17Z
vm.swapusage: total = 5120.00M  used = 3503.50M  free = 1616.50M  (encrypted)
Pages throttled:                                   0.
Swapins:                                      487615.
Swapouts:                                     915659.
sample_end
sample_begin
utc=2026-09-03T23:30:27Z
vm.swapusage: total = 5120.00M  used = 3503.50M  free = 1616.50M  (encrypted)
Pages throttled:                                   0.
Swapins:                                      487615.
Swapouts:                                     915659.
sample_end
sample_begin
utc=2026-09-03T23:30:37Z
vm.swapusage: total = 5120.00M  used = 3503.50M  free = 1616.50M  (encrypted)
Pages throttled:                                   0.
Swapins:                                      487615.
Swapouts:                                     915659.
sample_end
sample_begin
utc=2026-09-03T23:30:47Z
vm.swapusage: total = 5120.00M  used = 3503.50M  free = 1616.50M  (encrypted)
Pages throttled:                                   0.
Swapins:                                      487615.
Swapouts:                                     915659.
sample_end
sample_begin
utc=2026-09-03T23:30:57Z
vm.swapusage: total = 5120.00M  used = 3503.50M  free = 1616.50M  (encrypted)
Pages throttled:                                   0.
Swapins:                                      487615.
Swapouts:                                     915659.
sample_end
sample_begin
utc=2026-09-03T23:31:07Z
vm.swapusage: total = 5120.00M  used = 3503.50M  free = 1616.50M  (encrypted)
Pages throttled:                                   0.
Swapins:                                      487615.
Swapouts:                                     915659.
sample_end
sample_begin
utc=2026-09-03T23:31:17Z
vm.swapusage: total = 5120.00M  used = 3503.50M  free = 1616.50M  (encrypted)
Pages throttled:                                   0.
Swapins:                                      487615.
Swapouts:                                     915659.
sample_end
